SNBS 2.1 Hochbau - Nachweisliste;;;;Hinweis: Texte in braun gelten für Bildungsbauten;;;;Zuständigkeit;;;;;;;;;;;;;KP1;;;KP2;;Hilfstools;Nachweisdokumente und Verfahren;;;;;;
Thema;Kriterium;;Indikator;Messgrössen;Minergie;Minergie-ECO;Nutzungsprofil;Bauherrschaft;Nutzende;Architekt;Innenarchitekt;Elektroplaner;HLK-Planer;Bauphysiker;Verkehrsplaner;Landschaftsarchitekt;Umweltberater;FM-Experte;Bauökonom;Vermarktungs-Experte;1 Strategische Planung;2 Vorstudien;3 Projektierung;4 Ausschreibung;5 Realisierung;;Vorprüfung (Vorstudien);;Nachweis KP1 (Vorprojekt);;Nachweis KP2 (Bauabschluss);Kommentare;Benotung
KONTEXT UND ARCHITEKTUR;101 Leitfragen;101.1;Ziele und Pflichtenhefte;1. Abstimmung der Projektentwicklung auf übergeordnete Ziele;;;;x;x;x;;;;;;;;;;;;;;;;SNBS-Vorlage 101.1 - Ziele und Pflichtenhefte;-;;"• Beschrieb Ziele und Pflichtenhefte 
• Kopien aus übergeordneten Planungen, Leitbildern oder Aufträgen
Zusätzlich bei Bildungsbauten
• Strategische Schulraumplanung   
• Pädagogisches Leitbild (Schulleitung, -gemeinde bzw. Trägerschaft)
• Nutzungskonzept";;-;;
;;;;2. Verankerung in Pflichtenheften oder Vereinbarungen;;;;x;x;x;;;;;;;;;;;;;;;;;-;;"• Beschrieb Ziele und Pflichtenhefte, alternativ:
• Zielvereinbarung nach Norm SIA 112/1
• Kopien der Pflichtenhefte ";;• Aktualisierte Dokumente;;
;;;;;;;;;;;;;;;;;;;;;;;;;;;;;;;;;
PLANUNG UND ZIELGRUPPEN;"102 Planungs-
verfahren";102.1;Städtebau und Architektur;"1. Städtebau, Siedlung und Aussenraum
2. Architektonisches Konzept
3. Funktionalität
4. Material, Konstruktion und Farbe
5. Baukultureller Wert, Gesamtwirkung";;;;;;x;;;;;;;;;;;;;;;;;"Wettbewerbsdokumente resp. Pläne, Konzepte:
• Wettbewerbsprogramm
• Jurybericht / Expertenbericht
• Wettbewerbsdokumentation des ausgewählten Projekts
• Übersichtsplan Gemeinde / Quartier, Massstab 1:1000 bis 1:5000
• Situation / Umgebungsplan, Massstab 1:200 bis 1:500
• Architekturpläne, Massstab 1:100 bis 1:200
• Fassadenschnitt, Massstab 1:50
• Konzeptbeschriebe Städtebau, Architektur, Materialisierung, Gebäudetechnik";;"Wettbewerbsdokumente resp. Pläne, Konzepte:
• Wettbewerbsprogramm
• Jurybericht / Expertenbericht
• Wettbewerbsdokumentation des ausgewählten Projekts
• Übersichtsplan Gemeinde / Quartier, Massstab 1:1000 bis 1:5000
• Situation / Umgebungsplan, Massstab 1:200 bis 1:500
• Architekturpläne, Massstab 1:100 bis 1:200
• Fassadenschnitt, Massstab 1:50
• Konzeptbeschriebe Städtebau, Architektur, Materialisierung, Gebäudetechnik";;• Pläne, Konzepte, dokumentierte Projektänderungen;;
;;;;6. Fairness und Auftragsbedingungen;;;;;;;;;;;;;;;;;;;;;;;;;"• Wettbewerbsprogramm
• Jurybericht
• Liste der Projektbeteiligten
• Organigramm der Projektbeteiligten
• Bestätigung SIA-Konformität
• Bewertung BWA /OMPr / CAT
• Weitere nach Bedarf und Verfahrensart";;-;;
;;102.2;Partizipation;1. Zugang zu Information;;;W/V;x;;x;;;;;;;;;;;;;;;;;• Zielvereinbarung strategische Planung (Zielgruppen der Partizipation);;• Auflistung der Informationsmassnahmen (inkl. Belegdokumente) pro Anspruchsgruppe;;"• Aktualisierte Liste
";;
;;;;2. Lösung von Interessenkonflikten in Bezug auf das Projekt;;;;;;;;;;;;;;;;;;;;;;;• Zielvereinbarung strategische Planung (Zielgruppen der Partizipation);;• Auflistung der Lösungen (inkl. Belegdokumente, z.B. Auszüge aus Protokollen oder Massnahmen);;• Aktualisierte Liste;;
;;;;3. Wirkung von Information und Lösungen;;;;;;;;;;;;;;;;;;;;;;;• Zielvereinbarung strategische Planung (Zielgruppen der Partizipation);;-;;"
• Dokumentation Einsprachen, Gerichtsurteile oder Eingungen";;
;;;;1. Zugang zu Information;;;B;x;;x;;;;;;;;;;;;;;;;;• Zielvereinbarung strategische Planung (Zielgruppen der Partizipation);;"• Kommunikationskonzept
• Auflistung der Informationsmassnahmen (inkl. Belegdokumente) pro Anspruchsgruppe";;"• Umsetzung der Kommunikationsmassnahmen gemäss Konzept
• Aktualisierte Liste
";;
;;;;2. Einbezug der Anspruchsgruppen in den Planungsprozess;;;;;;;;;;;;;;;;;;;;;;;• Zielvereinbarung strategische Planung (Zielgruppen der Partizipation);;"• Liste der identifizierten Anspruchsgruppen un der Kommunikationsgefässe
• Nachweise für Berücksichtiung der Anliegen (z.B. Auszüge aus Protokollen, Auflistung von Massnahmen, Vereinbarungen)";;-;;
;;;;3. Evaluation des Partizipationsprozesses;;;;;;;;;;;;;;;;;;;;;;;• Zielvereinbarung strategische Planung (Zielgruppen der Partizipation);;"• Kommunikationskonzept
• Auflistung der Informationsmassnahmen (inkl. Belegdokumente) pro Anspruchsgruppe";;"• Umsetzung der Kommunikationsmassnahmen gemäss Konzept
• Aktualisierte Liste";;
;;;;;;;;;;;;;;;;;;;;;;;;;;;;;;;;;
"NUTZUNG 
UND RAUM-
GESTALTUNG";103 Diversität;103.1;Nutzungsdichte;Durchschnittliche Energiebezugsfläche pro Person;;;W;;;x;;;;;;;;;x;;;;;;;SNBS-Tool 103.1 Nutzungsdichte;"• Einordnung in ein Preissegment (206.1)
Zielwert in Pflichtenheften verankern";;"• Pläne AE Wohnungsspiegel, Personenbelegung
• Berechnung AE/Person im SNBS-Tool Nutzungsdichte";;"• Aktualisierte Pläne
• Berechnung mit effektiver Belegung, soweit bekannt
• Allenfalls Nachweis für Mindestbelegung";;
;;;;Flächeneffizienz NF / GF;;;V;;;x;;;;;;;;;x;;;;;;;;-;;"• Pläne GF und NF
• Berechnung NF/GF im SNBS-Tool Nutzungsdichte";;• Aktualisierte Pläne und Berechnungen;;
;;;;Flächeneffizienz NF / GF;;;B;;;x;;;;;;;;;x;;;;;;;;-;;"Fall 1
• Pläne GF und NF
• Berechnung NF/ GF
Fall 2
• Studie
• Berechnung / Pläne";;"Fall 1
• Aktualisierte Pläne und Berechnungen

Fall 2
• Aktualisierte Pläne und Berechnungen
";;
;;103.2;Nutzungsangebot im Quartier;"1. Gehdistanz zum nächstgelegenen Freizeitangebot
2. Gehdistanz zur nächstgelegenen Verpflegungsmöglichkeit
3. Gehdistanz zum nächstgelegenen Erholungsangebot,
Freiraum
4. Gehdistanz zum nächstgelegenen Dienstleistungsangebot
5. Gehdistanz zur nächstgelegenen sozialen Infrastruktur";;;;;;x;;;;;;;;;;;;;;;;;• Zielvereinbarung strategische Planung (geplante Angebote);;• Übersichtskarte mit gekennzeichneten Angeboten im Umfeld sowie den geplanten Angeboten in der Liegenschaft;;• Aktualisierte Karte inkl. den realisierten Angeboten in der Liegenschaft;;
;;103.3;Hindernisfreies Bauen;1. Grundanforderungen;;;;;;x;;;;;;;;;;;;;;;;SNBS-Checkliste 103.3‒Hindernis-freies Bauen;• Zielvereinbarung Vorstudien (angestrebte Stufe der Hindernisfreiheit);;• Selbstdeklaration oder Bestätigung ProCap oder vergleichbares Dokument;;"• Aktualisierte Pläne; Fotografien von umgesetzten Massnahmen";;
;;;;2. Erhöhte Anforderungen;;;W/V;;;;;;;;;;;;;;;;;;;;;;"• Pläne mit eingezeichneten Massnahmen
• Auflistung der Massnahmen in der SNBS-Checkliste «Hindernisfreies Bauen»";;"• Aktualisierte Pläne; Fotografien von umgesetzten Massnahmen
• Update der Massnahmen in der SNBS-Checkliste «Hindernisfreies Bauen»";;
;;;;2. Erhöhte Anforderungen;;;B;;;;;;;;;;;;;;;;;;;;• Zielvereinbarung Vorstudien (angestrebte Stufe der Hindernisfreiheit);;"• Pläne mit eingezeichneten Massnahmen
• Pläne mit eingezeichneten MassnahmenAusgefüllte Checkliste aus
Merkblatt 062 für Projektierungsphase";;"• Aktualisierte Pläne; Fotografien von umgesetzten Massnahmen
• Ausgefüllte Checkliste aus Merkblatt 062 für die Ausführungsphase";;
;"104 
Halböffentliche Räume";104.1;"Angebot 
halböffentlicher Innenräume";"1. Nutzungs- / Bewirtschaftungskonzept
2. Grundausstattung
3. Gestaltungsmöglichkeit
4. Zugänglichkeit für interne und externe Nutzerinnen und Nutzer";;;;x;x;x;x;;;;;;;;;;;;;;;SNBS-Vorlage 104.1‒Angebot halböffentliche Innenräume;"• Kontext-Indikator (Begründung Anwendung/Nichtanwendung)
• Zielvereinbarung strategische Planung (geplantes Angebot)";;"• Nutzungs- / Bewirtschaftungskonzept (vgl. SNBS-Vorlage)
• Nachweise zu Grundausstattung, Gestaltungsmöglichkeit und Zugänglichkeit
• Grundrisspläne
• Schemapläne Zugänglichkeit";;• Aktualisierte Dokumente;;
;;104.2;"Angebot 
halböffentlicher Aussenräume";"1. Nutzungs- / Bewirtschaftungskonzept
2. Grundausstattung
3. Gestaltungsmöglichkeit
4. Zugänglichkeit für interne und externe Nutzerinnen und Nutzer";;;;x;x;x;;;;;;x;;;;;;;;;;SNBS-Vorlage 104.2‒Angebot halböffentliche Aussenräume;"• Kontext-Indikator (Begründung Anwendung/Nichtanwendung)
• Zielvereinbarung strategische Planung (geplantes Angebot)";;"• Nutzungs-/Bewirtschaftungskonzept
• Nachweise zu Grundausstattung, Gestaltungsmöglichkeit und Zugänglichkeit
• Aussenraumpläne";;• Aktualisierte Dokumente;;
;;104.3;Subjektive Sicherheit;"1. Wegführung
2. Beleuchtung und Orientierung
3. Begegnungsfördernde Bereiche";;;;;;x;;;;;;x;;;;;;;;;;;-;;• Pläne Aussenraum, Grundrisspläne inkl. Fassadenansichten, Bezeichnung der begegnungsfördernden Bereiche, Beleuchtungskonzept;;• Aktualisierte Dokumente;;
;;105.1;"Nutzungsflexibilität 
und -variabilität";1. Nutzungsflexibilität und -variabilität;;;;;;x;;;;;;x;;;;;;;;;;;• Zielvereinbarung (Aspekte der Nutzungsflexibilität );;"• Konzept
• Projektpläne mit Angaben zu Umnutzbarkeit /Veränderbarkeit";;"• Aktualisiertes Konzept
• Aktualisierte Pläne
• Bauliche Umsetzung";;
;;105.2;"Gebrauchsqualität 
privater Innen- und Aussenräume";"1. Grundrisse
2. Privatsphäre
3. Ausstattng
4. Unmittelbarer Aussenraum";;;;;;x;x;;;;;x;;;;;;;;;;;• Zielvereinbarungen, Vorstudien, Nutzungskonzept (Nennung der Nutzergruppen, deren Bedürfnisse berücksichtig werden sollen);;"• Geschosspläne, Möblierungsvarianten; Umgebungsplan";;• Aktualisierte Dokumente;;
;;;;;;;;;;;;;;;;;;;;;;;;;;;;;;;;;
"WOHLBEFINDEN 
UND GESUNDHEIT";"106 
Visueller und akustischer Komfort";106.1;Tageslicht;1. Tageslichterfüllungsgrad;;x;;;;x;;;;;;;;;;;;;;;;siehe Kommentar;-;;• Nachweis gemäss Minergie-ECO;;"• Ausschreibung Fenster gemäss Tageslichttool
• Aktualisierte Dokumente
• Angaben zu den effektiv eingebauten Fenstern";;
;;106.2;Schallschutz;"1. Schallschutz der Gebäudehülle und zwischen den Nutz–
ungseinheiten (Mindestanforderungen) ";;x;;;;;;;;;;;;;;;;;;;;;"• Zielvereinbarungen, Vorstudien (Anforderungen; potenzielle Schwachstellen)";;"• Schallschutznachweis gemäss SIA Norm 181 mit Nachweis für die betroffenen Bauteile oder Bestätigung Minergie-ECO Antrag (provisorisches
Zertifikat inkl. Antrag)";;• Bestätigung, dass der Schallschutz gemäss SIA-Norm 181 umgesetzt wurde oder ein definitives Minergie-ECO-Zertifikat inkl. Antrag.;;
;;;;"2. Schallschutz der Gebäudehülle und zwischen den Nutz–
ungseinheiten (erhöhte Anforderungen) ";;;;;;;;;;;;;;;;;;;;;;;;;;;;;
;;;;3. Schallschutz innerhalb der Nutzungseinheit ;;;;;;;;;;;;;;;;;;;;;;;-;;• Schallschutznachweis gemäss SIA-Norm 181:2020 mit Nachweis für die betroffenen Bauteile, resp. Beschrieb der Massnahmen oder Berechnungen oder Bestätigung Minergie-ECO Antrag (provisorisches Zertifikat inkl. Antrag).;;;;
;;;;4. Raumakustik;;;;;;x;;;;x;;;;;;;;;;;;;-;;"• Nachweis der Nachhallzeiten gemäss SIA-Norm 181, SUVA-Merkblatt «Akustische Grenz- und Richtwerte» Kapitel 3.2 oder DIN-Norm
18041 oder Bestätigung Minergie-ECO-Antrag (provisorisches Zertifikat inkl. Antrag)";;• Bestätigung, dass die Massnahmen korrekt umgesetzt wurden oder ein definitives Minergie-ECO-Zertifikat inkl. Antrag.;;
;107 Raumluftqualität;107.1;Raumluftqualität;1. Aussenluft-Volumenstrom;x;;;;;;;;;;;;;;;;;;;;;SNBS-Hilfstool 107.1‒Raumluft- qualität;• Vorgaben;;"• SNBS-Hilfstool
• Nachvollziehbare Berechnungen mit Plänen";;"• Aktualisiertes SNBS-Hilfstool
• Detaillierte, nachvollziehbare Berechnung mit Detailplänen und Informationen zu den
Komponenten.";;
;;;;2. Raumluftfeuchtigkeit;;;;;;;;;;;;;;;;;;;;;;;-;;"• SNBS-Hilfstool
• Lüftungskonzept und Datenblätter";;"• Aktualisiertes SNBS-Hilfstool
• Umsetzung des Lüftungskonzepts mit Detailplänen und Informationen zu den Komponenten und der Materialisierung.";;
;;;;3. Zuluftqualität;;;;;;;;;;;;;;;;;;;;;;;-;;"• SNBS-Hilfstool
• Lüftungskonzept, Datenblätter und Nachweisdokumente.";;"• Aktualisiertes SNBS-Hilfstool
• Umsetzung Lüftungskonzept mit Detailplänen und Informationen zu den Komponenten.";;
;;;;4. Betrieb/Instandhaltung/Funktionalität;;;;;;;;;x;x;;;;;;;;;;;;;-;;"• SNBS Hilfstool
• Planunterlagen, Datenblätter und Ausschreibungstexte";;"• Aktualisiertes SNBS-Hilfstool
• Entsprechende Nachweisdokumente der Umsetzung vor Ort inkl. Hygieneberichte und Wartungsverträge";;
;;107.2;Ionisierende und nicht ionisierende Strahlungen;1. Massnahmen zur Reduktion der Radonbelastung;;x;;;;;;x;;x;;;;;;;;;;;;;• Zielvereinbarungen strategische Planung (notwendige Schutzmassnahmen Radon);;"• Liste der vorgesehenen Massnahmen zur Reduktion der Radon-Belastung
• Erneuerung: Ergebnisse Radonmessungen";;• Liste der umgesetzten Massnahmen;;
;;;;2. Raumluftmessungen (Radon);;;;;;;;;;;;;;;;;;;;;;;-;;-;;• Ergebnisse Raumluftmessungen Radon;;
;;;;3. Nicht ionisierende Strahlung ;;;;;;;;;;;;;;;;;;;;;;;-;;• NIS-Zonenplan;;-;;
;;;;4. Nicht ionisierende Strahlung (Hauptleitungen);;;;;;;;;;;;;;;;;;;;;;;-;;• NIS-Zonenplan/Elektroplan mit eingezeichneten Hauptleitungen, Steigzonen und Starkstrom-Verteilanlagen.;;-;;
;;;;5. Nicht ionisierende Strahlung (Verlegung von Leitungen);;;;;;;;;;;;;;;;;;;;;;;-;;-;;• Elektroinstallationsplan, Produktedatenblatt;;
;"108 
Thermischer Komfort";108.1;Sommerlicher Wärmeschutz;1. Globalbeurteilung von Standardfällen;x;;;;;;;;;;;;;;;;;;;;;;-;;• Dokumentation der erwähnten Bedingungen inkl. Nachweis der max. zulässigen Glasflächenzahl oder Bestätigung Minergie-Antrag (provisorisches Minergie-Zertifikat);;• Fotos der umgesetzten Massnahmen, Nachweis g tot -Wert des eingesetzten aussenliegenden Sonnenschutzes und der Fensterverglasung oder definitives Minergie-Zertifikat;;
;;;;2. Nachtauskühlung, Sonnenschutz, Wärmespeicherfähigkeit;;;;;;;;;;;;;;;;;;;;;;«Minergie Nachweis sommerlicher Wärmschutz Variante 2», aktuelle Version;-;;• Nachweis mittels Minergie-Excel-Nachweis-Tool inkl. Dokumentation der Fenster und Bauteilflächen, Horizontwinkel, Bauteilmaterialisierung etc. oder Bestätigung des Minergie-Antrags (provisorisches MinergieZertifikat);;• Aktualisierung der Nachweisdokumente oder definitives Minergie-Zertifikat;;
;;;;3. Empfundene Temperatur;;;;;;;;;x;x;;;;;;;;;;;;;-;;• Nachweis inkl. Dokumentation der Simulationsparameter;;• Aktualisierung der Nachweisdokument;;
;;;;4. Empfundene Temperatur unter Berücksichtigung des zukünftigen Klimas;;;;;;;;;;;;;;;;;;;;;;;;;;;;;
;;108.2;Winterlicher Wärmeschutz;1. Heizwärmebedarf;x;;;;;;;;;;;;;;;;;;;;;;-;;• Energienachweis inkl. Dokumentation oder Bestätigung des Minergie-Antrags (provisorisches Minergie-Zertifikat);;• Ausführungsbestätigung, dass die Dämmmassnahmen gemäss dem Energienachweis umgesetzt wurden oder definitives Minergie-Zertifikat;;
;;;;2. Kaltluftabfall;;;;;;;;;;;;;;;;;;;;;;;-;;• Nachweis inkl. Berechnung und Dokumentation;;• Lieferscheine und Datenblatt eingesetztes Fensterglas;;
;;;;3. Luftdichtheit der Gebäudehülle;;;;;;;;;x;x;;;;;;;;;;;;;-;;"• Variante 1: Luftdichtheitskonzept gem. Norm SIA 180:2014, 3.6
• Variante 2: Luftdichtheitsmesskonzept gem. Minergie-P/-A (RiLuMi)";;"• Variante. 1: Fotodokumentation der Umsetzung des Luftdichtheitskonzept nach SIA 180:2014, 3.6 
• Variante 2: Messbericht Luftdichtheitsmessung gem. Anforderungen Minergie-P/-A, resp. SIA 180:2014";;
;;;;;;;;;;;;;;;;;;;;;;;;;;;;;;;;;
KOSTEN;201 Lebenszyklus-    betrachtung;201.1;Lebenszykluskosten;Quantitatives Verfahren (> 5'000 m2 GF);;;;;;;;;;;;;;x;x;;;;;;;siehe Kommentar;-;;Quantitativ (Neubau ≥5000 m2 ): z. B. IFMA-Tool (Stand Vorprojekt);;• Aktualisierte Dokumente;;
;;;;Qualitatives Verfahren (<5'000m2 GF);;;;;;;;;;;;;;;;;;;;;;;-;;"Qualitativ (Erneuerung oder Neubau <5000 m2):
• SNBS-Tool «Lebenszykluskosten qualitativ» (Stand Vorprojekt) mit dem entsprechenden Tabellenblatt
• Nachweisdokumente zur Umsetzung";;;;
;;201.2;Betriebskonzept;1. Betriebskonzept zum Objekt;;;;;;;;;;;;;;x;x;;;;;;;SNBS-Vorlage 201.2 Betriebskonzept;-;;-;;• Betriebskonzept (vgl. SNBS-Vorlage);;
;;;;2. Vollständigkeit und Aktualität der Plangrundlagen;;;;x;;;;;;;;;;;;;;;;;;;-;;-;;• Plangrundlagen;;
;202 Bausubstanz;202.1;Bauweise, Bauteile und Bausubstanz;"1. Zugänglichkeit vertikaler HT-Installationen
2. Zugänglichkeit horizontaler HT-Installationen";;x;;;;;;x;x;;;;;x;x;;;;;;;;-;;• Beschrieb Haustechnik-Konzept ergänzt mit Skizzen oder Plänen, welche die Zugänglichkeit der Installationen dokumentieren;;• Fotos;;
;;;;3. Bauliche Bedingungen für den Ersatz von Maschinen und Grossgeräten;;;;;;;;;;;;;;;;;;;;;;;-;;• Koordinationsplan Haustechnik. Vermasster Plan aller Technikräume und Zugänge zu den Technikräumen;-;;;
;;;;4. Rückbaubarkeit von Gebäudehülle und Sekundärstruktur;;;;;;;;;;;;;;;;;;;;;;;-;;• Detailpläne Fassade (Fensteranschluss, Dachabschluss und Sockel);;• Fotos aus der Ausführungsphase (Fenstermontage);;
;;;;5. Rückbaubarkeit von Gebäudetechnik und Tertiärstruktur;;;;;;;;;;;;;;;;;;;;;;;-;;-;;• Auszug Werkvertrag, Fotos aus der Ausführungsphase;;
;;;;;;;;;;;;;;;;;;;;;;;;;;;;;;;;;
HANDELBARKEIT;"203 Eigentums-
verhältnisse";203.1;Entscheidungsfindung;1. Entscheidungsfindung;;;;x;;;;;;;;;;;;;;;;;;;-;;-;;• Kopie der relevanten Stellen in den juristischen Grundlagen (z.B. Vertrag, Statuten);;
;"204 
Nutzbarkeit des Grundstücks";204.1;Geologische Randbedingungen und Altlasten;1. Baugrund;;;;;;;;;;x;;;;;;;;;;;;;-;;• Auszug aus dem GIS oder - falls vorhanden - geologische Gutachten, Beschrieb;;-;;
;;;;2. Grundwasser und Gewässer;;;;;;;;;;;;;;;;;;;;;;;-;;• Auszug aus dem GIS - Gewässerschutzkarte, Grundwasserkarte;;-;;
;;;;3. Altlastenbelastung;;;;;;;;;;;;;;;;;;;;;;;-;;• Auszug aus dem GIS - Kataster für belastete Standorte, Art des Eintrags;;• Dokumentation zu Aushub / Entsorgung;;
;;204.2;Naturgefahren und Erdbebensicherheit;1. Gefährdung durch Naturgefahren (Standortqualität);;;;;;;;;;x;;;;;;;;;;;;siehe Kommentar;"• Zielvereinbarung strategische Planung: Abklärung der Gefährdung am Standort und der angestrebten Schutzziele gemäss SIA 261 und 261/1.
Erneuerungen:
• Abklärung der Notwendigkeit einer Überprüfung der Erdbebensicherheit gemäss SIA 269/8.";;• Ergebnisse der Abklärungen aus der Vorprüfung ;;• Nachweise zum erreichten Schutzziel;;
;;;;2. Gebäudequalität bezüglich Schutz vor Naturgefahren;;;;;;;;;;;;;;;;;;;;;;siehe Kommentar;-;;"Neubauten • Nachweis erreichter Schutzgrad gemäss SIA 261 und SIA 261/1 sowie Liste der vorgesehenen Massnahmen.
Erneuerungen • Falls die empfohlenen Schutzziele nicht erreicht werden: Liste der vorgesehenen Massnahmen mit Nachweis Verhältnismässigkeit";;"
Neubauten • Nachweis erreichter Schutzgrad gemäss SIA 261 und SIA 261/1 sowie Liste und Planungsgrundlagen der umgesetzten Massnahmen.
Erneuerungen • Falls die empfohlenen Schutzziele nicht erreicht werden: Liste der vorgesehenen Massnahmen mit Nachweis Verhältnismässigkeit";;
;;204.3;Technische Erschliessung;"1. Technische Erschliessung
2. Potenzial von Zusatzangeboten";;;;;;;;;x;x;;;;;;;;;;;;;-;;"• Stichwortartige Beschreibung
• Dokumente";;-;;
;;;;;;;;;;;;;;;;;;;;;;;;;;;;;;;;;
ERTRAGS-POTENTIAL;"205
Erreichbarkeit";205.1;Erreichbarkeit;1. ÖV-Güteklasse;;;;;;;;;;;;;;;;;;;;;;;-;;• Screenshot Geo-Map;;-;;
;;;;2. Gehdistanz zur nächststehenden Zentralität;;;;;;;;;;;;;;;;;;;;;;;-;;• Screenshot Geo-Map inkl. Angaben zur verwendeten Zentralität;;-;;
;;;;3. Sichere Wege;;;;;;;;;;;x;;;;;;;;;;;;-;;• Plan mit relevanten Wegen, Sicherheitsbewertung der relevanten Wege und Massnahmenplan;;-;;
;;205.2;Zugang Parzelle und verkehrstechnische Erschliessung;"1. Motorisierte Basiserschliessung
2. Erschliessung Fussverkehr
3. Erschliessung Veloverkehr";;;;;;;;;;;x;;;;;;;;;;;;• Zielvereinbarung strategische Planung (relevante Aspekte zur Erschliessung);;• Erschliessungsplan Grundstück und Umfeld;;• Aktualisierter Erschliessungsplan;;
;206 Marktpreise;206.1;Miet-/Verkaufspreise;Vermiet- und Verkaufsobjekte: Beurteilung der Marktkonformität;;;;;;;;;;;;;;;x;x;;;;;;;• Zielvereinbarung strategische Planung (Zielgruppen /Preissegment);;• Richtwert Miet-/Verkaufspreis;;• Realisierter Miet-/Verkaufspreis;;
;;;;Eigennutzung: kosteneffiziente Objektentwicklung;;;;;;;;;;;;;;;;;;;;;;;• Zielvereinbarung strategische Planung (Zielgruppe);;• Kostenvoranschlag;;• Revidierter Kostenvoranschlag Schlussabrechnung;;
;;;;Bildungsbauten: kosteneffektive Erstellung;;;B;;;;;;;;;;;;;;;;;;;siehe Kommentar;• Kostenschätzung mit nachvollziehbarer HNF-Berechnung (vgl. SNBS-Tool);;• Kostenschätzung mit nachvollziehbarer HNF-Berechnung (vgl. SNBS-Tool);;• Aktualisierte Berechnungen auf Basis des Kostenvoranschlags;;
;207 Bevölkerung und Arbeitsmarkt;207.1;Nachfrage und Nutzungsangebot: Wohnen/Verwaltung mit Vermietung oder Verkauf;1. Analyse Angebot und Nachfrage;;;W/V;;;;;;;;;;;;x;x;;;;;;;• Zielvereinbarung strategische Planung (Nutzungsmix, Zielgruppen);;• Dokumente Nachfrageanalyse − Beschreibung Zielgruppen, Wohnungsspiegel bzw. Übersicht Büro- und Gewebeeinheiten;;-;;
;;;;2. Vermarktung;;;;;;;;;;;;;;;;;;;;;;;• Zielvereinbarung strategische Planung (Nutzungsmix, Zielgruppen);;• Vermarktungsstrategie (vorgesehene Massnahmen);;• Dokumentation Vermarktungsmassnahmen;;
;;;;3. Vermietungs-/Verkaufsstand;;;;;;;;;;;;;;;;;;;;;;;-;;-;;• Vermietungs- und Verkaufsstand;;
;;;Nachfrage und Nutzungsangebot: Wohnen/Verwaltung mit Eigennutzung;1. Drittnutzungsfähigkeit;;;W/V;;;;;;;;;;;;;;;;;;;;-;;• Konzept Fremd- / Umnutzung, Nachweis Nachfrage;;• Schlusskosten;;
;;;;2. Belegungsstand;;;;;;;;;;;;;;;;;;;;;;;-;;-;;• Belegungsstand;;
;;;Nachfrage und Nutzungsangebot: Bildungsbauten;1. Drittnutzungsfähigkeit;;;B;;;;;;;;;;;;;;;;;;;;-;;• Konzept Drittnutzung;;• Buchungssystem;;
;;;;2. Nutzungsintensität;;;;;;;;;;;;;;;;;;;;;;;-;;• Konzept für erhöhte Nutzungsintensität;;• Stundenplan/Belegungsplan, Betriebskonzept;;
;;;;;;;;;;;;;;;;;;;;;;;;;;;;;;;;;
REGIONAL-OEKONOMIE;208 Regionalökon. Potenzial;208.1;Regionale Wertschöpfung;1. Anteil der in der Region erteilten Aufträge am Investitionsvolumen;;;;;;;;;;;;;x;;;;;;;;;SNBS-Tool 208.1–Regionale Wertschöpfung;-;;-;;• Deklaration des Gesamtvolumens BKP 2 sowie der im regionalen Umfeld erteilten Aufträge (vgl. SNBS-Tool);;
;;;;;;;;;;;;;;;;;;;;;;;;;;;;;;;;;
ENERGIE;301 Energiebedarf;301.1;Energiebedarf Erstellung;1. Energiebedarf Erstellung;;x;;;;;;;x;;;;x;;;;;;;;;siehe Kommentar;-;;• SNBS-Tool Energie und THGE − Nachvollziehbare Berechnung der grauen Energie mit Plänen;;• Revidiertes SNBS-Tool − Detaillierte, nachvollziehbare Berechnung der grauen Energie mit Bauteilen und Plänen;;
;;301.2;Energiebedarf Betrieb;1. Primärenergie nicht erneuerbar Betrieb [kWh/m²a];x;;;;;;;;x;;;;;;;;;;;;;siehe Kommentar;"Für Mischnutzungen ist ggf. das SNBS-Tool «Energie und Treibhausgasemissionen aus Erstellung und Betrieb» je Nutzung separat auszufüllen und die nutzungsspezifischen Bewertungen ins SNBS-Online-Tool zu übertragen. 
− Energieversorgungskonzept ";;"• SNBS-Tool Energie und THGE 
• Nachweisformular «Minergie»,  oder RH II: Bericht Gebäude / RH-Datei, oder SIA-Tool 2040 
• Nachvollziehbare Bedarfsberechnungen der einzelnen Verwendungszwecke mit Plänen";;"• Revidierte Dokumente aus KP1
• Datenblätter und Werkverträge/Rechnungen Geräte und Leuchten";;
;;301.3;Energiebedarf Mobilität;1. Primärenergie nicht erneuerbar Mobilität [kWh/m²a];;;;;;;;;;;x;;;;;;;;;;;siehe Kommentar;-;;• Nachvollziehbare Berechnung (SNBS-Tool);;• Aktualisierte Berechnung;;
;;;;;;;;;;;;;;;;;;;;;;;;;;;;;;;;;
KLIMA;302 Treibhaus-gasemissionen;302.1;Treibhausgasemissionen Erstellung;1. Treibhausgasemissionen Erstellung [kg CO2/m²a];;x;;;;;;;;;;;x;;;;;;;;;siehe Kommentar;-;;"• SNBS-Tool Energie und THGE 
• Nachvollziehbare Berechnung der grauen Treibhausgasemissionen mit Plänen";;"• Revidiertes SNBS-Hilfs-Tool 
• Detaillierte, nachvollziehbare Berechnung der grauen Treibhausgasemissionen mit Bauteilen und Plänen";;
;;302.2;Treibhausgasemissionen Betrieb;1. Treibhausgasemissionen Betrieb [kg/m²a];x;;;;;;;;x;;;;;;;;;;;;;siehe Kommentar;• Energieversorgungskonzept;;"• SNBS-Tool Energie und THGE 
• Nachweisformulare «Minergie», oder RH II: Bericht Gebäude / RH-Datei, oder SIA-Tool 2040 
• Nachvollziehbare Bedarfsberechnungen der einzelnen Verwendungszwecke mit Plänen";;"• Revidierte Dokumente aus KP1 
• Datenblätter und Werkverträge/Rechnungen Geräte und Leuchten";;
Klima;Treibhausgasemissionen;302.3;Treibhausgasemissionen Mobilität;1. Treibhausgasemissionen Mobilität [kg/m²a];;;;;;;;;;;x;;;;;;;;;;;siehe Kommentar;-;;• Nachvollziehbare Berechnung (SNBS-Tool);;"
• Aktualisierte Berechnung";;
;;;;;;;;;;;;;;;;;;;;;;;;;;;;;;;;;
RESSOURCEN- UND UMWELT-SCHONUNG;303 Umwelt-schonende Erstellung;303.1;Baustelle;1. Grundstücksvorbereitung (Rückbau bestehender Gebäude);;x;;;;;;;;;;;x;;;;;;;;;;-;;• Situationsplan, Digitalfotos bestehender Zustand;;• Digitalfotos Rückbauphase, Belege Entsorgung;;
;;;;2. Schadstoffe in Gebäuden;;x;;;;;;;;;;;;;;;;;;;;;-;;• Bericht Gebäudevoruntersuchung ;;• Werkvertrag des beauftragten Unternehmens, Digitalfotos, Schlussbericht;;
;;;;3. Luftreinhaltung;;;;;;;;;;;;;;;;;;;;;;;-;;-;;"• Bestätigung der Einhaltung der Anforderungen auf der Baustelle 
• Maschinen- und Gerätedokumentation bezüglich Partikelfilter 
• Evtl. Stichprobenkontrolle bei grossen Baustellen.";;
;;;;4. Grundwasser und Gewässerschutz, Entwässerung, Abwasser;;;;;;;;;;;;;;;;;;;;;;;-;;-;;"Grosse Baustellen 
• Entwässerungskonzept 
Kleine Baustellen 
• Kein Nachweis";;
;;;;5. Bodenschutz;;x;;;;;;;;;;;;;;;;;;;;;-;;• Bodenschutzkonzept;;• Beschrieb der durchgeführten Bodenschutzmassnahmen mit Fotos der Baustelle;;
;;;;6. Baulärm;;;;;;;;;;;;;;;;;;;;;;;-;;-;;"
Grosse Baustelle 
• Bestätigung des Unternehmers über Einhaltung der geforderten Lärmschutzmassnahmen
Kleine Baustelle 
• Kein Nachweis";;
;;;;7. Verzicht auf Beheizung des Rohbaus;;x;;;;;;;;;;;;;;;;;;;;;-;;• Terminprogramm;;• Aktualisiertes Terminprogramm;;
;;303.2;Ressourcenschonung und Verfügbarkeit;1. Holzauswahl;;x;;;;;;;;;;;x;;;;;;;;;;-;;-;;• Zertifikate aller verwendeten aussereuropäischen Hölzer bzw. Holzprodukte;;
;;;;2. Recycling (RC) – Beton: Neubau;;;;;;;;;;;;;;;;;;;;;;Minergie-ECO: 200120_me-eco_nachweis_rc-beton_v2020-1_ml.xlsx;-;;− Nachweis, falls kein RC-Beton eingesetzt werden kann.;;"• Aufstellung der Mengen nach eingesetzten Betonsorten oder Lieferscheine aller Betonlieferungen
• Rezepturen Betonwerk mit RC-Anteil 
• Falls RC-Beton nicht verfügbar: ausgefülltes Formular über Verfügbarkeit von RC-Beton";;
;;;;2. Recycling (RC) – Beton: Erneuerung;;;;;;;;;;;;;;;;;;;;;;;-;;-;;• Lieferscheine der RC-BetonLieferungen mit Angaben zum Rezyklatanteil;;
;;;;3. Label für Holz und Holzwerkstoffe;;;;;;;;;;;;;;;;;;;;;;;-;;-;;• Herkunftszeichen bzw. Zertifikate von mindestens 80 Vol.-% der verwendeten Hölzer bzw. Holzprodukte;;
;;;;4. Recycling (RC) – Konstruktions-beton mit erhöhtem Gehalt an RC-Material;;;;;;;;;;;;;;;;;;;;;;Minergie-ECO: 200120_me-eco_nachweis_rc-beton_v2020-1_ml.xlsx;-;;-;;"Neubau
• Lieferscheine der RC-Beton-Lieferungen mit Angaben zum Rezyklatanteil, Rezeptur Betonwerk
Erneuerung
• Kein Nachweis";;
;;;;5. Recycling (RC) - Füll-, Hüll- und Unterlagsbeton mit erhöhtem Gehalt an RC-Material;;;;;;;;;;;;;;;;;;;;;;;-;;• Bodenschutzkonzept;;• Lieferscheine der RC-Beton-Lieferungen mit Angaben zum Rezyklatanteil, Rezeptur Betonwerk;;
;;;;6. RC – Konstruktionsbeton mit Mischgranulat;;;;;;;;;;;;;;;;;;;;;;;-;;-;;• Lieferscheine der RC-Beton-Lieferungen mit Angaben zum Gehalt an Rb (Mischgranulat), Rezeptur Betonwerk;;
;;;;7. Zementarten für normal beanspruchte Betone;;;;;;;;;;;;;;;;;;;;;;;-;;;;• Lieferscheine bzw. Rezeptur Beton;;
;;;;8. Witterungsbeständigkeit der Fassade;;;;;;;;;;;;;;;;;;;;;;;-;;• Typischer Fassadenschnitt mit Darstellung von Dachanschluss und Sockel, Materialbeschrieb;;• Fotos der Fassade;;
;;;;9. Witterungsbeständigkeit der Fenster;;;;;;;;;;;;;;;;;;;;;;;-;;• Beschrieb Fenster und Sonnenschutz, typischer Fassadenschnitt mit Darstellung Fenster und Sonnenschutz;;• Fotos der Fenster;;
;;303.3;Umwelt-, entsorgungs- und gesundheitsrelevante Bestandteile;1. Biozide und Holzschutzmittel in Innenräumen ;;x;;;;;;;;;;;;;;;;;;;;;-;;-;;• Aktuelle Produktedatenblätter oder Sicherheitsdatenblätter der verwendeten Beschichtungsstoffe, Auszug Werkvertrag (Verbot von chemischen Holzschutzmitteln), aktuelle Produktdatenblätter oder Sicherheitsdatenblätter eventuell verwendeter Holzbehandlungsmittel.;;
;;;;2. Formaldehyd-Emissionen aus Baumaterialien;;;;;;;;;;;;;;;;;;;;;;;-;;-;;"
• Aktuelle Produktedatenblätter, Sicherheitsdatenblätter oder Prüfatteste der verwendeten Holzwerkstoffe und verleimten Holzprodukte mit Angaben zu Leimart und Formaldehydemission des Produkts, Ausdruck der Lignum-Produktliste mit Bezeichnung der eingesetzten Holzwerkstoffe oder aktuelle Produktdatenblätter, Sicherheitsdatenblätter oder Prüfatteste der verwendeten Bauprodukte mit Angaben zu Leimart bzw. Formaldehydemission des Produktes., Bestätigung des Herstellers, dass das ganze verwendete System kein Formaldehyd abgibt oder Prüfattest zur Formaldehydemission des verwendeten Systems, Ergebnisse Raumluftmessungen Formaldehyd";;
;;;;3. Lösemittel-Emissionen aus Bau- und Hilfsstoffen;;;;;;;;;;;;;;;;;;;;;;;-;;-;;• Aktuelle Produktedatenblätter, VSLF-Deklarationen oder Sicherheitsdatenblätter der verwendeten Produkte, Ergebnisse der Raumluftmessungen TVOC;;
;;;;4. Montage- und Abdichtungsarbeiten;;;;;;;;;;;;;;;;;;;;;;;-;;-;;• Auszug Werkvertrag (Verbot von Montage- oder Füllschäumen);;
;;;;5. Schwermetallhaltige bewitterte Bauteile;;;;;;;;;;;;;;;;;;;;;;;-;;• Falls Objekt an Mischkanalisation angeschlossen: Bestätigung der Gemeinde, dass keine Absicht zum Wechsel auf Trennkanalisation besteht, Fassadenpläne, Dachaufsicht;;• Auszug Werkvertrag (verwendete Bleche im Aussenbereich oder Metallfilter);;
;;;;6. Raumluftmessungen (Formaldehyd);;;;;;;;;;;;;;;;;;;;;;;-;;-;;• Ergebnisse der Raumluftmessungen Formaldehyd;;
;;;;7. Raumluftmessungen (TVOC);;;;;;;;;;;;;;;;;;;;;;;-;;-;;• Ergebnisse der Raumluftmessungen TVOC;;
;;;;8. Dämmstoffe mit ungünstigen ökologischen Eigenschaften;;;;;;;;;;;;;;;;;;;;;;;-;;-;;"
• Auszug Werkvertrag oder Lieferschein mit Produkteangabe der verwendeten Dämmstoffe";;
;;;;9. Organisch-mineralische Verbundmaterialien;;;;;;;;;;;;;;;;;;;;;;;-;;-;;• Auszug Werkvertrag, Produktdatenblätter;;
;;;;10. Schwer trennbare Kunststoffbeläge und -abdichtungen;;;;;;;;;;;;;;;;;;;;;;;-;;-;;• Auszug Werkvertrag, Produktdatenblätter;;
;;;;11. Halogenfreie Installationsmaterialien;;;;;;;;;;;;;;;;;;;;;;;-;;-;;• Lieferschein mit Produktangabe;;
;;;;12. Biozidfreie Fassade;;;;;;;;;;;;;;;;;;;;;;;-;;-;;• Produkte-Datenblätter der eingesetzten Produkte;;
;304 Umwelt-schonender Betrieb;304.1;Systematische Inbetriebnahme;1. Funktionsprüfung;;;;;;;;x;x;;;;;x;;;;;;;;;-;;-;;• Dokumentation Funktionsprüfung (Protokolle);;
;;;;2. Inbetriebnahme mit Einregulierung;;;;;;;;;;;;;;;;;;;;;;;-;;-;;"• Terminplan
• SWKI-Abnahmeprotokolle (oder Liste der geplanten Tests)
• Mängelliste";;
;;;;3. Energetische Betriebsoptimierung unmittelbar nach der Übergabe;;;;;;;;;;;;;;;;;;;;;;;-;;-;;"• Beauftragung eBO* 
• Absichtserklärung eBO*";;
;;304.2;Energiemonitoring;1. Messkonzept Energiemonitoring;x;;;;;;;x;x;;;;;x;;;;;;;;"SNBS-Vorlage 304.2–
Energiemonitoring";-;;-;;• Messkonzept (vgl. SNBS-Vorlage);;
;;;;2. Installation der Messeinrichtungen;;;;;;;;x;x;;;;;x;;;;;;;;;-;;-;;• Protokoll / Dokumentation Installation;;
;;;;3. Speicherung und Messdatenverarbeitung;;;;;;;;x;x;;;;;x;;;;;;;;;-;;-;;• Produktblatt oder Fotografie des Geräts vor Ort;;
;;;;4. Darstellung der Messergebnisse;;;;;;;;x;x;;;;;x;;;;;;;;;-;;-;;• Liste der Personen;;
;;304.3;Abfallentsorgung und Anlieferungsbedingungen;1. Abfalltrennsysteme;;;;;;;;;;;;;x;x;;;;;;;;;-;;• Unterrichts- und Seminarräume, Büros / Gewerbe / Gastronomie / Retail: Auflistung, Bezeichnung Standort auf Plan;;• Kaufbeleg Abfalltrennsystem oder Fotografie vor Ort;;
;;;;2. Zwischenlagerungsmöglichkeiten / Anlieferungsmöglichkeiten;;;;;;;;;;;;;x;x;;;;;;;;;• Zielvereinbarung Vorstudien (Anforderungen an Anlieferung)                                                                                                                                                                                                                              ;;• Pläne mit Kennzeichnung der Fläche und Berechnung;;• Aktualisierte Pläne, Fotografien vor Ort;;
;;;;3. Angebote Wiederverwertung und Entsorgung;;;;;;;;;;;;;x;x;;;;;;;;;-;;• Auflistung;;• Umgebungspläne, Fotografien vor Ort;;
;305 Umwelt-schonende Mobilität;305.1;Mobilitätskonzept;1. Anzahl Personenwagenabstellplätze;;;;;;;;;;;x;;;;;;;;;;;;• Zielvereinbarung strategische Planung (Möglichkeit zur Reduktion der Parkplätze);;"• Nachweis zur minimalen Anzahl Autoparkplätze
• Pläne mit eingezeichneten Autoparkplätzen
• Mobilitätskonzept mit Massnahmenliste";;• Aktualisierte Dokumente;;
;;;;2. Angebot Veloabstellplätze;;;;;;;;;;;;;;;;;;;;;;;-;;"• Nachweis zur Anzahl Veloabstellplätze
• Pläne mit eingezeichneten Veloabstellplätzen
• Angaben zur Nutzerfreundlichkeit";;"• Aktualisierte Dokumente
• Fotos der Veloabstellplätze";;
;;;;3. Mobilitätsmanagementmassnahmen zur MIV-Reduktion;;;;;;;;;;;;;;;;;;;;;;;-;;"• Mobilitätskonzept mit Massnahmenliste
• Liste der zur Umsetzung vorgesehenen Massnahmen";;"• Aktualisiertes Mobilitätskonzept
• Aktualisierte Liste";;
;;;;;;;;;;;;;;;;;;;;;;;;;;;;;;;;;
NATUR UND LANDSCHAFT;306 Umgebung;306.1;Flora und Fauna;1. Vernetzung, Förderung und Schutz von Flora und Fauna;;;;;;;;;;;;x;;;;;;;;;;;-;;• Selbstdeklaration;;"• Selbstdeklaration
• Pläne und Konzepte
• «Checkliste tierfreundliche Gestaltung» von Minergie-ECO oder gleichwertiger Nachweis für Anforderungen «Nisthilfen» und «Vogelschutz»";;
;;;;2. Lebensräume und Artenvielfalt;;;;;;;;;;;;;;;;;;;;;;;-;;"• Umgebungsplan inkl. Dach- und Fassadenflächen mit markierten Bereichen mit standortgerechten Pflanzenarten, %-Anteil im Kommentarfeld des Online-Tools dokumentiert
• Liste der Pflanzenarten";;• Fotografien, Kaufbelege;;
;;;;3. Gehölzbestand;;;;;;;;;;;;;;;;;;;;;;;-;;"• Umgebungsplan mit markierten Flächen
• Liste der Pflanzenarten";;• Fotografien, Kaufbelege;;
;;;;4. Auflösung von Barrieren und Hindernissen;;;;;;;;;;;;;;;;;;;;;;;-;;• Umgebungsplan mit markierten überwindbaren Parzellengrenzen und markierten Kleintierfallen mit und ohne Ausstieghilfe, %-Anteil im Kommentarfeld des Online-Tools dokumentiert;;• Aktualisierte Dokumente;;
;;306.2;Versickerung und Retention;1. Versickerung und Retention;;;;;;x;;;;;;x;;;;;;;;;;;-;;• Umgebungs- / Dachflächenplan mit markierten Bereichen;;• Aktualisierte Unterlagen;;
;;;;2. Zusatzmassnahmen;;;;;;;;;;;;;;;;;;;;;;;-;;"• Liste der Massnahmen
• Nachweisdokumente";;• Aktualisierte Unterlagen;;
;307 Siedlungs-etnwicklung;307.1;Bauliche Verdichtung;1. Räumliche Dispersion;;;W/V;;;x;;;;;;;;;;;;;;;;;-;;• Luftbild (z.B. Google-Maps);;-;;
;;;;2. Ausnützungsziffer;;;;;;;;;;;;;;;;;;;;;;;-;;• Zonenordnung oder ähnliche Bestimmungen, Werte aus Richtplanungen etc.;;-;;
;;;;3. Ausbaugrad;;;;;;;;;;;;;;;;;;;;;;;• Zielvereinbarung strategische Planung (angestrebte Ausnützung);;-;;• Nachweis der Berechnung;;
;;;;1. Räumliche Dispersion;;;B;;;x;;;;;;;;;;;;;;;;;-;;• Luftbild (z.B. Google-Maps);;-;;
;;;;2. Zonierung und bisherige Bebauung;;;;;;;;;;;;;;;;;;;;;;;-;;• Zonenordnung, Situationsplan inkl. umgebender Überbauung;;-;;
;;;;3. Verdichtung;;;;;;;;;;;;;;;;;;;;;;;• Zielvereinbarung strategische Planung (Nutzung des Grundstücks);;"Neubau
• Situationsplan, Plan und Fläche von Erweiterungsmöglichkeiten
Erneuerung
• Studien (Vergleich) für alternative Ansätze bezüglich Erweiterung vs. Erneuerung/Umbau mit innerer Verdichtung";;-;;
;;;;;;;;;;;;;;;;;;;;;;;;;;;;;;;;;
;;;;;;;;;;;;;;;;;;;;;;;;;;;;;;;;;
;;;;;;;;;;;;;;;;;;;;;;;;;;;;;;;;;
;;;;;;;;;;;;;;;;;;;;;;;;;;;;;;;;;
;;;;;;;;;;;;;;;;;;;;;;;;;;;;;;;;;
;;;;;;;;;;;;;;;;;;;;;;;;;;;;;;;;;
;;;;;;;;;;;;;;;;;;;;;;;;;;;;;;;;;
;;;;;;;;;;;;;;;;;;;;;;;;;;;;;;;;;
;;;;;;;;;;;;;;;;;;;;;;;;;;;;;;;;;
;;;;;;;;;;;;;;;;;;;;;;;;;;;;;;;;;
;;;;;;;;;;;;;;;;;;;;;;;;;;;;;;;;;
;;;;;;;;;;;;;;;;;;;;;;;;;;;;;;;;;
;;;;;;;;;;;;;;;;;;;;;;;;;;;;;;;;;
;;;;;;;;;;;;;;;;;;;;;;;;;;;;;;;;;
;;;;;;;;;;;;;;;;;;;;;;;;;;;;;;;;;
;;;;;;;;;;;;;;;;;;;;;;;;;;;;;;;;;
;;;;;;;;;;;;;;;;;;;;;;;;;;;;;;;;;
;;;;;;;;;;;;;;;;;;;;;;;;;;;;;;;;;
;;;;;;;;;;;;;;;;;;;;;;;;;;;;;;;;;
;;;;;;;;;;;;;;;;;;;;;;;;;;;;;;;;;
;;;;;;;;;;;;;;;;;;;;;;;;;;;;;;;;;
;;;;;;;;;;;;;;;;;;;;;;;;;;;;;;;;;
;;;;;;;;;;;;;;;;;;;;;;;;;;;;;;;;;
;;;;;;;;;;;;;;;;;;;;;;;;;;;;;;;;;
;;;;;;;;;;;;;;;;;;;;;;;;;;;;;;;;;
;;;;;;;;;;;;;;;;;;;;;;;;;;;;;;;;;
;;;;;;;;;;;;;;;;;;;;;;;;;;;;;;;;;
;;;;;;;;;;;;;;;;;;;;;;;;;;;;;;;;;
;;;;;;;;;;;;;;;;;;;;;;;;;;;;;;;;;
;;;;;;;;;;;;;;;;;;;;;;;;;;;;;;;;;
;;;;;;;;;;;;;;;;;;;;;;;;;;;;;;;;;
;;;;;;;;;;;;;;;;;;;;;;;;;;;;;;;;;
;;;;;;;;;;;;;;;;;;;;;;;;;;;;;;;;;
;;;;;;;;;;;;;;;;;;;;;;;;;;;;;;;;;
;;;;;;;;;;;;;;;;;;;;;;;;;;;;;;;;;
;;;;;;;;;;;;;;;;;;;;;;;;;;;;;;;;;
;;;;;;;;;;;;;;;;;;;;;;;;;;;;;;;;;
;;;;;;;;;;;;;;;;;;;;;;;;;;;;;;;;;
;;;;;;;;;;;;;;;;;;;;;;;;;;;;;;;;;
;;;;;;;;;;;;;;;;;;;;;;;;;;;;;;;;;
;;;;;;;;;;;;;;;;;;;;;;;;;;;;;;;;;
;;;;;;;;;;;;;;;;;;;;;;;;;;;;;;;;;
;;;;;;;;;;;;;;;;;;;;;;;;;;;;;;;;;
;;;;;;;;;;;;;;;;;;;;;;;;;;;;;;;;;
;;;;;;;;;;;;;;;;;;;;;;;;;;;;;;;;;
;;;;;;;;;;;;;;;;;;;;;;;;;;;;;;;;;
;;;;;;;;;;;;;;;;;;;;;;;;;;;;;;;;;
;;;;;;;;;;;;;;;;;;;;;;;;;;;;;;;;;
;;;;;;;;;;;;;;;;;;;;;;;;;;;;;;;;;
;;;;;;;;;;;;;;;;;;;;;;;;;;;;;;;;;
;;;;;;;;;;;;;;;;;;;;;;;;;;;;;;;;;
;;;;;;;;;;;;;;;;;;;;;;;;;;;;;;;;;
;;;;;;;;;;;;;;;;;;;;;;;;;;;;;;;;;
;;;;;;;;;;;;;;;;;;;;;;;;;;;;;;;;;
;;;;;;;;;;;;;;;;;;;;;;;;;;;;;;;;;
;;;;;;;;;;;;;;;;;;;;;;;;;;;;;;;;;
;;;;;;;;;;;;;;;;;;;;;;;;;;;;;;;;;
;;;;;;;;;;;;;;;;;;;;;;;;;;;;;;;;;
;;;;;;;;;;;;;;;;;;;;;;;;;;;;;;;;;
;;;;;;;;;;;;;;;;;;;;;;;;;;;;;;;;;
;;;;;;;;;;;;;;;;;;;;;;;;;;;;;;;;;
;;;;;;;;;;;;;;;;;;;;;;;;;;;;;;;;;
;;;;;;;;;;;;;;;;;;;;;;;;;;;;;;;;;
;;;;;;;;;;;;;;;;;;;;;;;;;;;;;;;;;
;;;;;;;;;;;;;;;;;;;;;;;;;;;;;;;;;
;;;;;;;;;;;;;;;;;;;;;;;;;;;;;;;;;
;;;;;;;;;;;;;;;;;;;;;;;;;;;;;;;;;
;;;;;;;;;;;;;;;;;;;;;;;;;;;;;;;;;
;;;;;;;;;;;;;;;;;;;;;;;;;;;;;;;;;
;;;;;;;;;;;;;;;;;;;;;;;;;;;;;;;;;
;;;;;;;;;;;;;;;;;;;;;;;;;;;;;;;;;
;;;;;;;;;;;;;;;;;;;;;;;;;;;;;;;;;
;;;;;;;;;;;;;;;;;;;;;;;;;;;;;;;;;
;;;;;;;;;;;;;;;;;;;;;;;;;;;;;;;;;
;;;;;;;;;;;;;;;;;;;;;;;;;;;;;;;;;
;;;;;;;;;;;;;;;;;;;;;;;;;;;;;;;;;
;;;;;;;;;;;;;;;;;;;;;;;;;;;;;;;;;
;;;;;;;;;;;;;;;;;;;;;;;;;;;;;;;;;
;;;;;;;;;;;;;;;;;;;;;;;;;;;;;;;;;
;;;;;;;;;;;;;;;;;;;;;;;;;;;;;;;;;
;;;;;;;;;;;;;;;;;;;;;;;;;;;;;;;;;
;;;;;;;;;;;;;;;;;;;;;;;;;;;;;;;;;
;;;;;;;;;;;;;;;;;;;;;;;;;;;;;;;;;
;;;;;;;;;;;;;;;;;;;;;;;;;;;;;;;;;
;;;;;;;;;;;;;;;;;;;;;;;;;;;;;;;;;
;;;;;;;;;;;;;;;;;;;;;;;;;;;;;;;;;
;;;;;;;;;;;;;;;;;;;;;;;;;;;;;;;;;
;;;;;;;;;;;;;;;;;;;;;;;;;;;;;;;;;
;;;;;;;;;;;;;;;;;;;;;;;;;;;;;;;;;
;;;;;;;;;;;;;;;;;;;;;;;;;;;;;;;;;
;;;;;;;;;;;;;;;;;;;;;;;;;;;;;;;;;
;;;;;;;;;;;;;;;;;;;;;;;;;;;;;;;;;
;;;;;;;;;;;;;;;;;;;;;;;;;;;;;;;;;
;;;;;;;;;;;;;;;;;;;;;;;;;;;;;;;;;
;;;;;;;;;;;;;;;;;;;;;;;;;;;;;;;;;
;;;;;;;;;;;;;;;;;;;;;;;;;;;;;;;;;
;;;;;;;;;;;;;;;;;;;;;;;;;;;;;;;;;
;;;;;;;;;;;;;;;;;;;;;;;;;;;;;;;;;
;;;;;;;;;;;;;;;;;;;;;;;;;;;;;;;;;
;;;;;;;;;;;;;;;;;;;;;;;;;;;;;;;;;
;;;;;;;;;;;;;;;;;;;;;;;;;;;;;;;;;
;;;;;;;;;;;;;;;;;;;;;;;;;;;;;;;;;
;;;;;;;;;;;;;;;;;;;;;;;;;;;;;;;;;
;;;;;;;;;;;;;;;;;;;;;;;;;;;;;;;;;
;;;;;;;;;;;;;;;;;;;;;;;;;;;;;;;;;
;;;;;;;;;;;;;;;;;;;;;;;;;;;;;;;;;
;;;;;;;;;;;;;;;;;;;;;;;;;;;;;;;;;
;;;;;;;;;;;;;;;;;;;;;;;;;;;;;;;;;
;;;;;;;;;;;;;;;;;;;;;;;;;;;;;;;;;
;;;;;;;;;;;;;;;;;;;;;;;;;;;;;;;;;
;;;;;;;;;;;;;;;;;;;;;;;;;;;;;;;;;
;;;;;;;;;;;;;;;;;;;;;;;;;;;;;;;;;
;;;;;;;;;;;;;;;;;;;;;;;;;;;;;;;;;
;;;;;;;;;;;;;;;;;;;;;;;;;;;;;;;;;
;;;;;;;;;;;;;;;;;;;;;;;;;;;;;;;;;
;;;;;;;;;;;;;;;;;;;;;;;;;;;;;;;;;
;;;;;;;;;;;;;;;;;;;;;;;;;;;;;;;;;
;;;;;;;;;;;;;;;;;;;;;;;;;;;;;;;;;
;;;;;;;;;;;;;;;;;;;;;;;;;;;;;;;;;
;;;;;;;;;;;;;;;;;;;;;;;;;;;;;;;;;
;;;;;;;;;;;;;;;;;;;;;;;;;;;;;;;;;
;;;;;;;;;;;;;;;;;;;;;;;;;;;;;;;;;
;;;;;;;;;;;;;;;;;;;;;;;;;;;;;;;;;
;;;;;;;;;;;;;;;;;;;;;;;;;;;;;;;;;
;;;;;;;;;;;;;;;;;;;;;;;;;;;;;;;;;
;;;;;;;;;;;;;;;;;;;;;;;;;;;;;;;;;
;;;;;;;;;;;;;;;;;;;;;;;;;;;;;;;;;
;;;;;;;;;;;;;;;;;;;;;;;;;;;;;;;;;
;;;;;;;;;;;;;;;;;;;;;;;;;;;;;;;;;
;;;;;;;;;;;;;;;;;;;;;;;;;;;;;;;;;
;;;;;;;;;;;;;;;;;;;;;;;;;;;;;;;;;
;;;;;;;;;;;;;;;;;;;;;;;;;;;;;;;;;
;;;;;;;;;;;;;;;;;;;;;;;;;;;;;;;;;
;;;;;;;;;;;;;;;;;;;;;;;;;;;;;;;;;
;;;;;;;;;;;;;;;;;;;;;;;;;;;;;;;;;
;;;;;;;;;;;;;;;;;;;;;;;;;;;;;;;;;
;;;;;;;;;;;;;;;;;;;;;;;;;;;;;;;;;
;;;;;;;;;;;;;;;;;;;;;;;;;;;;;;;;;
;;;;;;;;;;;;;;;;;;;;;;;;;;;;;;;;;
;;;;;;;;;;;;;;;;;;;;;;;;;;;;;;;;;
;;;;;;;;;;;;;;;;;;;;;;;;;;;;;;;;;
;;;;;;;;;;;;;;;;;;;;;;;;;;;;;;;;;
;;;;;;;;;;;;;;;;;;;;;;;;;;;;;;;;;
;;;;;;;;;;;;;;;;;;;;;;;;;;;;;;;;;
;;;;;;;;;;;;;;;;;;;;;;;;;;;;;;;;;
;;;;;;;;;;;;;;;;;;;;;;;;;;;;;;;;;
;;;;;;;;;;;;;;;;;;;;;;;;;;;;;;;;;
;;;;;;;;;;;;;;;;;;;;;;;;;;;;;;;;;
;;;;;;;;;;;;;;;;;;;;;;;;;;;;;;;;;
;;;;;;;;;;;;;;;;;;;;;;;;;;;;;;;;;
;;;;;;;;;;;;;;;;;;;;;;;;;;;;;;;;;
;;;;;;;;;;;;;;;;;;;;;;;;;;;;;;;;;
;;;;;;;;;;;;;;;;;;;;;;;;;;;;;;;;;
;;;;;;;;;;;;;;;;;;;;;;;;;;;;;;;;;
;;;;;;;;;;;;;;;;;;;;;;;;;;;;;;;;;
;;;;;;;;;;;;;;;;;;;;;;;;;;;;;;;;;
;;;;;;;;;;;;;;;;;;;;;;;;;;;;;;;;;
;;;;;;;;;;;;;;;;;;;;;;;;;;;;;;;;;
;;;;;;;;;;;;;;;;;;;;;;;;;;;;;;;;;
;;;;;;;;;;;;;;;;;;;;;;;;;;;;;;;;;
;;;;;;;;;;;;;;;;;;;;;;;;;;;;;;;;;
;;;;;;;;;;;;;;;;;;;;;;;;;;;;;;;;;
;;;;;;;;;;;;;;;;;;;;;;;;;;;;;;;;;
;;;;;;;;;;;;;;;;;;;;;;;;;;;;;;;;;
;;;;;;;;;;;;;;;;;;;;;;;;;;;;;;;;;
;;;;;;;;;;;;;;;;;;;;;;;;;;;;;;;;;
;;;;;;;;;;;;;;;;;;;;;;;;;;;;;;;;;
;;;;;;;;;;;;;;;;;;;;;;;;;;;;;;;;;
;;;;;;;;;;;;;;;;;;;;;;;;;;;;;;;;;
;;;;;;;;;;;;;;;;;;;;;;;;;;;;;;;;;
;;;;;;;;;;;;;;;;;;;;;;;;;;;;;;;;;
;;;;;;;;;;;;;;;;;;;;;;;;;;;;;;;;;
;;;;;;;;;;;;;;;;;;;;;;;;;;;;;;;;;
;;;;;;;;;;;;;;;;;;;;;;;;;;;;;;;;;
;;;;;;;;;;;;;;;;;;;;;;;;;;;;;;;;;
;;;;;;;;;;;;;;;;;;;;;;;;;;;;;;;;;
;;;;;;;;;;;;;;;;;;;;;;;;;;;;;;;;;
;;;;;;;;;;;;;;;;;;;;;;;;;;;;;;;;;
;;;;;;;;;;;;;;;;;;;;;;;;;;;;;;;;;
;;;;;;;;;;;;;;;;;;;;;;;;;;;;;;;;;
;;;;;;;;;;;;;;;;;;;;;;;;;;;;;;;;;
;;;;;;;;;;;;;;;;;;;;;;;;;;;;;;;;;
;;;;;;;;;;;;;;;;;;;;;;;;;;;;;;;;;
;;;;;;;;;;;;;;;;;;;;;;;;;;;;;;;;;
;;;;;;;;;;;;;;;;;;;;;;;;;;;;;;;;;
;;;;;;;;;;;;;;;;;;;;;;;;;;;;;;;;;
;;;;;;;;;;;;;;;;;;;;;;;;;;;;;;;;;
;;;;;;;;;;;;;;;;;;;;;;;;;;;;;;;;;
;;;;;;;;;;;;;;;;;;;;;;;;;;;;;;;;;
;;;;;;;;;;;;;;;;;;;;;;;;;;;;;;;;;
;;;;;;;;;;;;;;;;;;;;;;;;;;;;;;;;;
;;;;;;;;;;;;;;;;;;;;;;;;;;;;;;;;;
;;;;;;;;;;;;;;;;;;;;;;;;;;;;;;;;;
;;;;;;;;;;;;;;;;;;;;;;;;;;;;;;;;;
;;;;;;;;;;;;;;;;;;;;;;;;;;;;;;;;;
;;;;;;;;;;;;;;;;;;;;;;;;;;;;;;;;;
;;;;;;;;;;;;;;;;;;;;;;;;;;;;;;;;;
;;;;;;;;;;;;;;;;;;;;;;;;;;;;;;;;;
;;;;;;;;;;;;;;;;;;;;;;;;;;;;;;;;;
;;;;;;;;;;;;;;;;;;;;;;;;;;;;;;;;;
;;;;;;;;;;;;;;;;;;;;;;;;;;;;;;;;;
;;;;;;;;;;;;;;;;;;;;;;;;;;;;;;;;;
;;;;;;;;;;;;;;;;;;;;;;;;;;;;;;;;;
;;;;;;;;;;;;;;;;;;;;;;;;;;;;;;;;;
;;;;;;;;;;;;;;;;;;;;;;;;;;;;;;;;;
;;;;;;;;;;;;;;;;;;;;;;;;;;;;;;;;;
;;;;;;;;;;;;;;;;;;;;;;;;;;;;;;;;;
;;;;;;;;;;;;;;;;;;;;;;;;;;;;;;;;;
;;;;;;;;;;;;;;;;;;;;;;;;;;;;;;;;;
;;;;;;;;;;;;;;;;;;;;;;;;;;;;;;;;;
;;;;;;;;;;;;;;;;;;;;;;;;;;;;;;;;;
;;;;;;;;;;;;;;;;;;;;;;;;;;;;;;;;;
;;;;;;;;;;;;;;;;;;;;;;;;;;;;;;;;;
;;;;;;;;;;;;;;;;;;;;;;;;;;;;;;;;;
;;;;;;;;;;;;;;;;;;;;;;;;;;;;;;;;;
;;;;;;;;;;;;;;;;;;;;;;;;;;;;;;;;;
;;;;;;;;;;;;;;;;;;;;;;;;;;;;;;;;;
;;;;;;;;;;;;;;;;;;;;;;;;;;;;;;;;;
;;;;;;;;;;;;;;;;;;;;;;;;;;;;;;;;;
;;;;;;;;;;;;;;;;;;;;;;;;;;;;;;;;;
;;;;;;;;;;;;;;;;;;;;;;;;;;;;;;;;;
;;;;;;;;;;;;;;;;;;;;;;;;;;;;;;;;;
;;;;;;;;;;;;;;;;;;;;;;;;;;;;;;;;;
;;;;;;;;;;;;;;;;;;;;;;;;;;;;;;;;;
;;;;;;;;;;;;;;;;;;;;;;;;;;;;;;;;;
;;;;;;;;;;;;;;;;;;;;;;;;;;;;;;;;;
;;;;;;;;;;;;;;;;;;;;;;;;;;;;;;;;;
;;;;;;;;;;;;;;;;;;;;;;;;;;;;;;;;;
;;;;;;;;;;;;;;;;;;;;;;;;;;;;;;;;;
;;;;;;;;;;;;;;;;;;;;;;;;;;;;;;;;;
;;;;;;;;;;;;;;;;;;;;;;;;;;;;;;;;;
;;;;;;;;;;;;;;;;;;;;;;;;;;;;;;;;;
;;;;;;;;;;;;;;;;;;;;;;;;;;;;;;;;;
;;;;;;;;;;;;;;;;;;;;;;;;;;;;;;;;;
;;;;;;;;;;;;;;;;;;;;;;;;;;;;;;;;;
;;;;;;;;;;;;;;;;;;;;;;;;;;;;;;;;;
;;;;;;;;;;;;;;;;;;;;;;;;;;;;;;;;;
;;;;;;;;;;;;;;;;;;;;;;;;;;;;;;;;;
;;;;;;;;;;;;;;;;;;;;;;;;;;;;;;;;;
;;;;;;;;;;;;;;;;;;;;;;;;;;;;;;;;;
;;;;;;;;;;;;;;;;;;;;;;;;;;;;;;;;;
;;;;;;;;;;;;;;;;;;;;;;;;;;;;;;;;;
;;;;;;;;;;;;;;;;;;;;;;;;;;;;;;;;;
;;;;;;;;;;;;;;;;;;;;;;;;;;;;;;;;;
;;;;;;;;;;;;;;;;;;;;;;;;;;;;;;;;;
;;;;;;;;;;;;;;;;;;;;;;;;;;;;;;;;;
;;;;;;;;;;;;;;;;;;;;;;;;;;;;;;;;;
;;;;;;;;;;;;;;;;;;;;;;;;;;;;;;;;;
;;;;;;;;;;;;;;;;;;;;;;;;;;;;;;;;;
;;;;;;;;;;;;;;;;;;;;;;;;;;;;;;;;;
;;;;;;;;;;;;;;;;;;;;;;;;;;;;;;;;;
;;;;;;;;;;;;;;;;;;;;;;;;;;;;;;;;;
;;;;;;;;;;;;;;;;;;;;;;;;;;;;;;;;;
;;;;;;;;;;;;;;;;;;;;;;;;;;;;;;;;;
;;;;;;;;;;;;;;;;;;;;;;;;;;;;;;;;;
;;;;;;;;;;;;;;;;;;;;;;;;;;;;;;;;;
;;;;;;;;;;;;;;;;;;;;;;;;;;;;;;;;;
;;;;;;;;;;;;;;;;;;;;;;;;;;;;;;;;;
;;;;;;;;;;;;;;;;;;;;;;;;;;;;;;;;;
;;;;;;;;;;;;;;;;;;;;;;;;;;;;;;;;;
;;;;;;;;;;;;;;;;;;;;;;;;;;;;;;;;;
;;;;;;;;;;;;;;;;;;;;;;;;;;;;;;;;;
;;;;;;;;;;;;;;;;;;;;;;;;;;;;;;;;;
;;;;;;;;;;;;;;;;;;;;;;;;;;;;;;;;;
;;;;;;;;;;;;;;;;;;;;;;;;;;;;;;;;;
;;;;;;;;;;;;;;;;;;;;;;;;;;;;;;;;;
;;;;;;;;;;;;;;;;;;;;;;;;;;;;;;;;;
;;;;;;;;;;;;;;;;;;;;;;;;;;;;;;;;;
;;;;;;;;;;;;;;;;;;;;;;;;;;;;;;;;;
;;;;;;;;;;;;;;;;;;;;;;;;;;;;;;;;;
;;;;;;;;;;;;;;;;;;;;;;;;;;;;;;;;;
;;;;;;;;;;;;;;;;;;;;;;;;;;;;;;;;;
;;;;;;;;;;;;;;;;;;;;;;;;;;;;;;;;;
;;;;;;;;;;;;;;;;;;;;;;;;;;;;;;;;;
;;;;;;;;;;;;;;;;;;;;;;;;;;;;;;;;;
;;;;;;;;;;;;;;;;;;;;;;;;;;;;;;;;;
;;;;;;;;;;;;;;;;;;;;;;;;;;;;;;;;;
;;;;;;;;;;;;;;;;;;;;;;;;;;;;;;;;;
;;;;;;;;;;;;;;;;;;;;;;;;;;;;;;;;;
;;;;;;;;;;;;;;;;;;;;;;;;;;;;;;;;;
;;;;;;;;;;;;;;;;;;;;;;;;;;;;;;;;;
;;;;;;;;;;;;;;;;;;;;;;;;;;;;;;;;;
;;;;;;;;;;;;;;;;;;;;;;;;;;;;;;;;;
;;;;;;;;;;;;;;;;;;;;;;;;;;;;;;;;;
;;;;;;;;;;;;;;;;;;;;;;;;;;;;;;;;;
;;;;;;;;;;;;;;;;;;;;;;;;;;;;;;;;;
;;;;;;;;;;;;;;;;;;;;;;;;;;;;;;;;;
;;;;;;;;;;;;;;;;;;;;;;;;;;;;;;;;;
;;;;;;;;;;;;;;;;;;;;;;;;;;;;;;;;;
;;;;;;;;;;;;;;;;;;;;;;;;;;;;;;;;;
;;;;;;;;;;;;;;;;;;;;;;;;;;;;;;;;;
;;;;;;;;;;;;;;;;;;;;;;;;;;;;;;;;;
;;;;;;;;;;;;;;;;;;;;;;;;;;;;;;;;;
;;;;;;;;;;;;;;;;;;;;;;;;;;;;;;;;;
;;;;;;;;;;;;;;;;;;;;;;;;;;;;;;;;;
;;;;;;;;;;;;;;;;;;;;;;;;;;;;;;;;;
;;;;;;;;;;;;;;;;;;;;;;;;;;;;;;;;;
;;;;;;;;;;;;;;;;;;;;;;;;;;;;;;;;;
;;;;;;;;;;;;;;;;;;;;;;;;;;;;;;;;;
;;;;;;;;;;;;;;;;;;;;;;;;;;;;;;;;;
;;;;;;;;;;;;;;;;;;;;;;;;;;;;;;;;;
;;;;;;;;;;;;;;;;;;;;;;;;;;;;;;;;;
;;;;;;;;;;;;;;;;;;;;;;;;;;;;;;;;;
;;;;;;;;;;;;;;;;;;;;;;;;;;;;;;;;;
;;;;;;;;;;;;;;;;;;;;;;;;;;;;;;;;;
;;;;;;;;;;;;;;;;;;;;;;;;;;;;;;;;;
;;;;;;;;;;;;;;;;;;;;;;;;;;;;;;;;;
;;;;;;;;;;;;;;;;;;;;;;;;;;;;;;;;;
;;;;;;;;;;;;;;;;;;;;;;;;;;;;;;;;;
;;;;;;;;;;;;;;;;;;;;;;;;;;;;;;;;;
;;;;;;;;;;;;;;;;;;;;;;;;;;;;;;;;;
;;;;;;;;;;;;;;;;;;;;;;;;;;;;;;;;;
;;;;;;;;;;;;;;;;;;;;;;;;;;;;;;;;;
;;;;;;;;;;;;;;;;;;;;;;;;;;;;;;;;;
;;;;;;;;;;;;;;;;;;;;;;;;;;;;;;;;;
;;;;;;;;;;;;;;;;;;;;;;;;;;;;;;;;;
;;;;;;;;;;;;;;;;;;;;;;;;;;;;;;;;;
;;;;;;;;;;;;;;;;;;;;;;;;;;;;;;;;;
;;;;;;;;;;;;;;;;;;;;;;;;;;;;;;;;;
;;;;;;;;;;;;;;;;;;;;;;;;;;;;;;;;;
;;;;;;;;;;;;;;;;;;;;;;;;;;;;;;;;;
;;;;;;;;;;;;;;;;;;;;;;;;;;;;;;;;;
;;;;;;;;;;;;;;;;;;;;;;;;;;;;;;;;;
;;;;;;;;;;;;;;;;;;;;;;;;;;;;;;;;;
;;;;;;;;;;;;;;;;;;;;;;;;;;;;;;;;;
;;;;;;;;;;;;;;;;;;;;;;;;;;;;;;;;;
;;;;;;;;;;;;;;;;;;;;;;;;;;;;;;;;;
;;;;;;;;;;;;;;;;;;;;;;;;;;;;;;;;;
;;;;;;;;;;;;;;;;;;;;;;;;;;;;;;;;;
;;;;;;;;;;;;;;;;;;;;;;;;;;;;;;;;;
;;;;;;;;;;;;;;;;;;;;;;;;;;;;;;;;;
;;;;;;;;;;;;;;;;;;;;;;;;;;;;;;;;;
;;;;;;;;;;;;;;;;;;;;;;;;;;;;;;;;;
;;;;;;;;;;;;;;;;;;;;;;;;;;;;;;;;;
;;;;;;;;;;;;;;;;;;;;;;;;;;;;;;;;;
;;;;;;;;;;;;;;;;;;;;;;;;;;;;;;;;;
;;;;;;;;;;;;;;;;;;;;;;;;;;;;;;;;;
;;;;;;;;;;;;;;;;;;;;;;;;;;;;;;;;;
;;;;;;;;;;;;;;;;;;;;;;;;;;;;;;;;;
;;;;;;;;;;;;;;;;;;;;;;;;;;;;;;;;;
;;;;;;;;;;;;;;;;;;;;;;;;;;;;;;;;;
;;;;;;;;;;;;;;;;;;;;;;;;;;;;;;;;;
;;;;;;;;;;;;;;;;;;;;;;;;;;;;;;;;;
;;;;;;;;;;;;;;;;;;;;;;;;;;;;;;;;;
;;;;;;;;;;;;;;;;;;;;;;;;;;;;;;;;;
;;;;;;;;;;;;;;;;;;;;;;;;;;;;;;;;;
;;;;;;;;;;;;;;;;;;;;;;;;;;;;;;;;;
;;;;;;;;;;;;;;;;;;;;;;;;;;;;;;;;;
;;;;;;;;;;;;;;;;;;;;;;;;;;;;;;;;;
;;;;;;;;;;;;;;;;;;;;;;;;;;;;;;;;;
;;;;;;;;;;;;;;;;;;;;;;;;;;;;;;;;;
;;;;;;;;;;;;;;;;;;;;;;;;;;;;;;;;;
;;;;;;;;;;;;;;;;;;;;;;;;;;;;;;;;;
;;;;;;;;;;;;;;;;;;;;;;;;;;;;;;;;;
;;;;;;;;;;;;;;;;;;;;;;;;;;;;;;;;;
;;;;;;;;;;;;;;;;;;;;;;;;;;;;;;;;;
;;;;;;;;;;;;;;;;;;;;;;;;;;;;;;;;;
;;;;;;;;;;;;;;;;;;;;;;;;;;;;;;;;;
;;;;;;;;;;;;;;;;;;;;;;;;;;;;;;;;;
;;;;;;;;;;;;;;;;;;;;;;;;;;;;;;;;;
;;;;;;;;;;;;;;;;;;;;;;;;;;;;;;;;;
;;;;;;;;;;;;;;;;;;;;;;;;;;;;;;;;;
;;;;;;;;;;;;;;;;;;;;;;;;;;;;;;;;;
;;;;;;;;;;;;;;;;;;;;;;;;;;;;;;;;;
;;;;;;;;;;;;;;;;;;;;;;;;;;;;;;;;;
;;;;;;;;;;;;;;;;;;;;;;;;;;;;;;;;;
;;;;;;;;;;;;;;;;;;;;;;;;;;;;;;;;;
;;;;;;;;;;;;;;;;;;;;;;;;;;;;;;;;;
;;;;;;;;;;;;;;;;;;;;;;;;;;;;;;;;;
;;;;;;;;;;;;;;;;;;;;;;;;;;;;;;;;;
;;;;;;;;;;;;;;;;;;;;;;;;;;;;;;;;;
;;;;;;;;;;;;;;;;;;;;;;;;;;;;;;;;;
;;;;;;;;;;;;;;;;;;;;;;;;;;;;;;;;;
;;;;;;;;;;;;;;;;;;;;;;;;;;;;;;;;;
;;;;;;;;;;;;;;;;;;;;;;;;;;;;;;;;;
;;;;;;;;;;;;;;;;;;;;;;;;;;;;;;;;;
;;;;;;;;;;;;;;;;;;;;;;;;;;;;;;;;;
;;;;;;;;;;;;;;;;;;;;;;;;;;;;;;;;;
;;;;;;;;;;;;;;;;;;;;;;;;;;;;;;;;;
;;;;;;;;;;;;;;;;;;;;;;;;;;;;;;;;;
;;;;;;;;;;;;;;;;;;;;;;;;;;;;;;;;;
;;;;;;;;;;;;;;;;;;;;;;;;;;;;;;;;;
;;;;;;;;;;;;;;;;;;;;;;;;;;;;;;;;;
;;;;;;;;;;;;;;;;;;;;;;;;;;;;;;;;;
;;;;;;;;;;;;;;;;;;;;;;;;;;;;;;;;;
;;;;;;;;;;;;;;;;;;;;;;;;;;;;;;;;;
;;;;;;;;;;;;;;;;;;;;;;;;;;;;;;;;;
;;;;;;;;;;;;;;;;;;;;;;;;;;;;;;;;;
;;;;;;;;;;;;;;;;;;;;;;;;;;;;;;;;;
;;;;;;;;;;;;;;;;;;;;;;;;;;;;;;;;;
;;;;;;;;;;;;;;;;;;;;;;;;;;;;;;;;;
;;;;;;;;;;;;;;;;;;;;;;;;;;;;;;;;;
;;;;;;;;;;;;;;;;;;;;;;;;;;;;;;;;;
;;;;;;;;;;;;;;;;;;;;;;;;;;;;;;;;;
;;;;;;;;;;;;;;;;;;;;;;;;;;;;;;;;;
;;;;;;;;;;;;;;;;;;;;;;;;;;;;;;;;;
;;;;;;;;;;;;;;;;;;;;;;;;;;;;;;;;;
;;;;;;;;;;;;;;;;;;;;;;;;;;;;;;;;;
;;;;;;;;;;;;;;;;;;;;;;;;;;;;;;;;;
;;;;;;;;;;;;;;;;;;;;;;;;;;;;;;;;;
;;;;;;;;;;;;;;;;;;;;;;;;;;;;;;;;;
;;;;;;;;;;;;;;;;;;;;;;;;;;;;;;;;;
;;;;;;;;;;;;;;;;;;;;;;;;;;;;;;;;;
;;;;;;;;;;;;;;;;;;;;;;;;;;;;;;;;;
;;;;;;;;;;;;;;;;;;;;;;;;;;;;;;;;;
;;;;;;;;;;;;;;;;;;;;;;;;;;;;;;;;;
;;;;;;;;;;;;;;;;;;;;;;;;;;;;;;;;;
;;;;;;;;;;;;;;;;;;;;;;;;;;;;;;;;;
;;;;;;;;;;;;;;;;;;;;;;;;;;;;;;;;;
;;;;;;;;;;;;;;;;;;;;;;;;;;;;;;;;;
;;;;;;;;;;;;;;;;;;;;;;;;;;;;;;;;;
;;;;;;;;;;;;;;;;;;;;;;;;;;;;;;;;;
;;;;;;;;;;;;;;;;;;;;;;;;;;;;;;;;;
;;;;;;;;;;;;;;;;;;;;;;;;;;;;;;;;;
;;;;;;;;;;;;;;;;;;;;;;;;;;;;;;;;;
;;;;;;;;;;;;;;;;;;;;;;;;;;;;;;;;;
;;;;;;;;;;;;;;;;;;;;;;;;;;;;;;;;;
;;;;;;;;;;;;;;;;;;;;;;;;;;;;;;;;;
;;;;;;;;;;;;;;;;;;;;;;;;;;;;;;;;;
;;;;;;;;;;;;;;;;;;;;;;;;;;;;;;;;;
;;;;;;;;;;;;;;;;;;;;;;;;;;;;;;;;;
;;;;;;;;;;;;;;;;;;;;;;;;;;;;;;;;;
;;;;;;;;;;;;;;;;;;;;;;;;;;;;;;;;;
;;;;;;;;;;;;;;;;;;;;;;;;;;;;;;;;;
;;;;;;;;;;;;;;;;;;;;;;;;;;;;;;;;;
;;;;;;;;;;;;;;;;;;;;;;;;;;;;;;;;;
;;;;;;;;;;;;;;;;;;;;;;;;;;;;;;;;;
;;;;;;;;;;;;;;;;;;;;;;;;;;;;;;;;;
;;;;;;;;;;;;;;;;;;;;;;;;;;;;;;;;;
;;;;;;;;;;;;;;;;;;;;;;;;;;;;;;;;;
;;;;;;;;;;;;;;;;;;;;;;;;;;;;;;;;;
;;;;;;;;;;;;;;;;;;;;;;;;;;;;;;;;;
;;;;;;;;;;;;;;;;;;;;;;;;;;;;;;;;;
;;;;;;;;;;;;;;;;;;;;;;;;;;;;;;;;;
;;;;;;;;;;;;;;;;;;;;;;;;;;;;;;;;;
;;;;;;;;;;;;;;;;;;;;;;;;;;;;;;;;;
;;;;;;;;;;;;;;;;;;;;;;;;;;;;;;;;;
;;;;;;;;;;;;;;;;;;;;;;;;;;;;;;;;;
;;;;;;;;;;;;;;;;;;;;;;;;;;;;;;;;;
;;;;;;;;;;;;;;;;;;;;;;;;;;;;;;;;;
;;;;;;;;;;;;;;;;;;;;;;;;;;;;;;;;;
;;;;;;;;;;;;;;;;;;;;;;;;;;;;;;;;;
;;;;;;;;;;;;;;;;;;;;;;;;;;;;;;;;;
;;;;;;;;;;;;;;;;;;;;;;;;;;;;;;;;;
;;;;;;;;;;;;;;;;;;;;;;;;;;;;;;;;;
;;;;;;;;;;;;;;;;;;;;;;;;;;;;;;;;;
;;;;;;;;;;;;;;;;;;;;;;;;;;;;;;;;;
;;;;;;;;;;;;;;;;;;;;;;;;;;;;;;;;;
;;;;;;;;;;;;;;;;;;;;;;;;;;;;;;;;;
;;;;;;;;;;;;;;;;;;;;;;;;;;;;;;;;;
;;;;;;;;;;;;;;;;;;;;;;;;;;;;;;;;;
;;;;;;;;;;;;;;;;;;;;;;;;;;;;;;;;;
;;;;;;;;;;;;;;;;;;;;;;;;;;;;;;;;;
;;;;;;;;;;;;;;;;;;;;;;;;;;;;;;;;;
;;;;;;;;;;;;;;;;;;;;;;;;;;;;;;;;;
;;;;;;;;;;;;;;;;;;;;;;;;;;;;;;;;;
;;;;;;;;;;;;;;;;;;;;;;;;;;;;;;;;;
;;;;;;;;;;;;;;;;;;;;;;;;;;;;;;;;;
;;;;;;;;;;;;;;;;;;;;;;;;;;;;;;;;;
;;;;;;;;;;;;;;;;;;;;;;;;;;;;;;;;;
;;;;;;;;;;;;;;;;;;;;;;;;;;;;;;;;;
;;;;;;;;;;;;;;;;;;;;;;;;;;;;;;;;;
;;;;;;;;;;;;;;;;;;;;;;;;;;;;;;;;;
;;;;;;;;;;;;;;;;;;;;;;;;;;;;;;;;;
;;;;;;;;;;;;;;;;;;;;;;;;;;;;;;;;;
;;;;;;;;;;;;;;;;;;;;;;;;;;;;;;;;;
;;;;;;;;;;;;;;;;;;;;;;;;;;;;;;;;;
;;;;;;;;;;;;;;;;;;;;;;;;;;;;;;;;;
;;;;;;;;;;;;;;;;;;;;;;;;;;;;;;;;;
;;;;;;;;;;;;;;;;;;;;;;;;;;;;;;;;;
;;;;;;;;;;;;;;;;;;;;;;;;;;;;;;;;;
;;;;;;;;;;;;;;;;;;;;;;;;;;;;;;;;;
;;;;;;;;;;;;;;;;;;;;;;;;;;;;;;;;;
;;;;;;;;;;;;;;;;;;;;;;;;;;;;;;;;;
;;;;;;;;;;;;;;;;;;;;;;;;;;;;;;;;;
;;;;;;;;;;;;;;;;;;;;;;;;;;;;;;;;;
;;;;;;;;;;;;;;;;;;;;;;;;;;;;;;;;;
;;;;;;;;;;;;;;;;;;;;;;;;;;;;;;;;;
;;;;;;;;;;;;;;;;;;;;;;;;;;;;;;;;;
;;;;;;;;;;;;;;;;;;;;;;;;;;;;;;;;;
;;;;;;;;;;;;;;;;;;;;;;;;;;;;;;;;;
;;;;;;;;;;;;;;;;;;;;;;;;;;;;;;;;;
;;;;;;;;;;;;;;;;;;;;;;;;;;;;;;;;;
;;;;;;;;;;;;;;;;;;;;;;;;;;;;;;;;;
;;;;;;;;;;;;;;;;;;;;;;;;;;;;;;;;;
;;;;;;;;;;;;;;;;;;;;;;;;;;;;;;;;;
;;;;;;;;;;;;;;;;;;;;;;;;;;;;;;;;;
;;;;;;;;;;;;;;;;;;;;;;;;;;;;;;;;;
;;;;;;;;;;;;;;;;;;;;;;;;;;;;;;;;;
;;;;;;;;;;;;;;;;;;;;;;;;;;;;;;;;;
;;;;;;;;;;;;;;;;;;;;;;;;;;;;;;;;;
;;;;;;;;;;;;;;;;;;;;;;;;;;;;;;;;;
;;;;;;;;;;;;;;;;;;;;;;;;;;;;;;;;;
;;;;;;;;;;;;;;;;;;;;;;;;;;;;;;;;;
;;;;;;;;;;;;;;;;;;;;;;;;;;;;;;;;;
;;;;;;;;;;;;;;;;;;;;;;;;;;;;;;;;;
;;;;;;;;;;;;;;;;;;;;;;;;;;;;;;;;;
;;;;;;;;;;;;;;;;;;;;;;;;;;;;;;;;;
;;;;;;;;;;;;;;;;;;;;;;;;;;;;;;;;;
;;;;;;;;;;;;;;;;;;;;;;;;;;;;;;;;;
;;;;;;;;;;;;;;;;;;;;;;;;;;;;;;;;;
;;;;;;;;;;;;;;;;;;;;;;;;;;;;;;;;;
;;;;;;;;;;;;;;;;;;;;;;;;;;;;;;;;;
;;;;;;;;;;;;;;;;;;;;;;;;;;;;;;;;;
;;;;;;;;;;;;;;;;;;;;;;;;;;;;;;;;;
;;;;;;;;;;;;;;;;;;;;;;;;;;;;;;;;;
;;;;;;;;;;;;;;;;;;;;;;;;;;;;;;;;;
;;;;;;;;;;;;;;;;;;;;;;;;;;;;;;;;;
;;;;;;;;;;;;;;;;;;;;;;;;;;;;;;;;;
;;;;;;;;;;;;;;;;;;;;;;;;;;;;;;;;;
;;;;;;;;;;;;;;;;;;;;;;;;;;;;;;;;;
;;;;;;;;;;;;;;;;;;;;;;;;;;;;;;;;;
;;;;;;;;;;;;;;;;;;;;;;;;;;;;;;;;;
;;;;;;;;;;;;;;;;;;;;;;;;;;;;;;;;;
;;;;;;;;;;;;;;;;;;;;;;;;;;;;;;;;;
;;;;;;;;;;;;;;;;;;;;;;;;;;;;;;;;;
;;;;;;;;;;;;;;;;;;;;;;;;;;;;;;;;;
;;;;;;;;;;;;;;;;;;;;;;;;;;;;;;;;;
;;;;;;;;;;;;;;;;;;;;;;;;;;;;;;;;;
;;;;;;;;;;;;;;;;;;;;;;;;;;;;;;;;;
;;;;;;;;;;;;;;;;;;;;;;;;;;;;;;;;;
;;;;;;;;;;;;;;;;;;;;;;;;;;;;;;;;;
;;;;;;;;;;;;;;;;;;;;;;;;;;;;;;;;;
;;;;;;;;;;;;;;;;;;;;;;;;;;;;;;;;;
;;;;;;;;;;;;;;;;;;;;;;;;;;;;;;;;;
;;;;;;;;;;;;;;;;;;;;;;;;;;;;;;;;;
;;;;;;;;;;;;;;;;;;;;;;;;;;;;;;;;;
;;;;;;;;;;;;;;;;;;;;;;;;;;;;;;;;;
;;;;;;;;;;;;;;;;;;;;;;;;;;;;;;;;;
;;;;;;;;;;;;;;;;;;;;;;;;;;;;;;;;;
;;;;;;;;;;;;;;;;;;;;;;;;;;;;;;;;;
;;;;;;;;;;;;;;;;;;;;;;;;;;;;;;;;;
;;;;;;;;;;;;;;;;;;;;;;;;;;;;;;;;;
;;;;;;;;;;;;;;;;;;;;;;;;;;;;;;;;;
;;;;;;;;;;;;;;;;;;;;;;;;;;;;;;;;;
;;;;;;;;;;;;;;;;;;;;;;;;;;;;;;;;;
;;;;;;;;;;;;;;;;;;;;;;;;;;;;;;;;;
;;;;;;;;;;;;;;;;;;;;;;;;;;;;;;;;;
;;;;;;;;;;;;;;;;;;;;;;;;;;;;;;;;;
;;;;;;;;;;;;;;;;;;;;;;;;;;;;;;;;;
;;;;;;;;;;;;;;;;;;;;;;;;;;;;;;;;;
;;;;;;;;;;;;;;;;;;;;;;;;;;;;;;;;;
;;;;;;;;;;;;;;;;;;;;;;;;;;;;;;;;;
;;;;;;;;;;;;;;;;;;;;;;;;;;;;;;;;;
;;;;;;;;;;;;;;;;;;;;;;;;;;;;;;;;;
;;;;;;;;;;;;;;;;;;;;;;;;;;;;;;;;;
;;;;;;;;;;;;;;;;;;;;;;;;;;;;;;;;;
;;;;;;;;;;;;;;;;;;;;;;;;;;;;;;;;;
;;;;;;;;;;;;;;;;;;;;;;;;;;;;;;;;;
;;;;;;;;;;;;;;;;;;;;;;;;;;;;;;;;;
;;;;;;;;;;;;;;;;;;;;;;;;;;;;;;;;;
;;;;;;;;;;;;;;;;;;;;;;;;;;;;;;;;;
;;;;;;;;;;;;;;;;;;;;;;;;;;;;;;;;;
;;;;;;;;;;;;;;;;;;;;;;;;;;;;;;;;;
;;;;;;;;;;;;;;;;;;;;;;;;;;;;;;;;;
;;;;;;;;;;;;;;;;;;;;;;;;;;;;;;;;;
;;;;;;;;;;;;;;;;;;;;;;;;;;;;;;;;;
;;;;;;;;;;;;;;;;;;;;;;;;;;;;;;;;;
;;;;;;;;;;;;;;;;;;;;;;;;;;;;;;;;;
;;;;;;;;;;;;;;;;;;;;;;;;;;;;;;;;;
;;;;;;;;;;;;;;;;;;;;;;;;;;;;;;;;;
;;;;;;;;;;;;;;;;;;;;;;;;;;;;;;;;;
;;;;;;;;;;;;;;;;;;;;;;;;;;;;;;;;;
;;;;;;;;;;;;;;;;;;;;;;;;;;;;;;;;;
;;;;;;;;;;;;;;;;;;;;;;;;;;;;;;;;;
;;;;;;;;;;;;;;;;;;;;;;;;;;;;;;;;;
;;;;;;;;;;;;;;;;;;;;;;;;;;;;;;;;;
;;;;;;;;;;;;;;;;;;;;;;;;;;;;;;;;;
;;;;;;;;;;;;;;;;;;;;;;;;;;;;;;;;;
;;;;;;;;;;;;;;;;;;;;;;;;;;;;;;;;;
;;;;;;;;;;;;;;;;;;;;;;;;;;;;;;;;;
;;;;;;;;;;;;;;;;;;;;;;;;;;;;;;;;;
;;;;;;;;;;;;;;;;;;;;;;;;;;;;;;;;;
;;;;;;;;;;;;;;;;;;;;;;;;;;;;;;;;;
;;;;;;;;;;;;;;;;;;;;;;;;;;;;;;;;;
;;;;;;;;;;;;;;;;;;;;;;;;;;;;;;;;;
;;;;;;;;;;;;;;;;;;;;;;;;;;;;;;;;;
;;;;;;;;;;;;;;;;;;;;;;;;;;;;;;;;;
;;;;;;;;;;;;;;;;;;;;;;;;;;;;;;;;;
;;;;;;;;;;;;;;;;;;;;;;;;;;;;;;;;;
;;;;;;;;;;;;;;;;;;;;;;;;;;;;;;;;;
;;;;;;;;;;;;;;;;;;;;;;;;;;;;;;;;;
;;;;;;;;;;;;;;;;;;;;;;;;;;;;;;;;;
;;;;;;;;;;;;;;;;;;;;;;;;;;;;;;;;;
;;;;;;;;;;;;;;;;;;;;;;;;;;;;;;;;;
;;;;;;;;;;;;;;;;;;;;;;;;;;;;;;;;;
;;;;;;;;;;;;;;;;;;;;;;;;;;;;;;;;;
;;;;;;;;;;;;;;;;;;;;;;;;;;;;;;;;;
;;;;;;;;;;;;;;;;;;;;;;;;;;;;;;;;;
;;;;;;;;;;;;;;;;;;;;;;;;;;;;;;;;;
;;;;;;;;;;;;;;;;;;;;;;;;;;;;;;;;;
;;;;;;;;;;;;;;;;;;;;;;;;;;;;;;;;;
;;;;;;;;;;;;;;;;;;;;;;;;;;;;;;;;;
;;;;;;;;;;;;;;;;;;;;;;;;;;;;;;;;;
;;;;;;;;;;;;;;;;;;;;;;;;;;;;;;;;;
;;;;;;;;;;;;;;;;;;;;;;;;;;;;;;;;;
;;;;;;;;;;;;;;;;;;;;;;;;;;;;;;;;;
;;;;;;;;;;;;;;;;;;;;;;;;;;;;;;;;;
;;;;;;;;;;;;;;;;;;;;;;;;;;;;;;;;;
;;;;;;;;;;;;;;;;;;;;;;;;;;;;;;;;;
;;;;;;;;;;;;;;;;;;;;;;;;;;;;;;;;;
;;;;;;;;;;;;;;;;;;;;;;;;;;;;;;;;;
;;;;;;;;;;;;;;;;;;;;;;;;;;;;;;;;;
;;;;;;;;;;;;;;;;;;;;;;;;;;;;;;;;;
;;;;;;;;;;;;;;;;;;;;;;;;;;;;;;;;;
;;;;;;;;;;;;;;;;;;;;;;;;;;;;;;;;;
;;;;;;;;;;;;;;;;;;;;;;;;;;;;;;;;;
;;;;;;;;;;;;;;;;;;;;;;;;;;;;;;;;;
;;;;;;;;;;;;;;;;;;;;;;;;;;;;;;;;;
;;;;;;;;;;;;;;;;;;;;;;;;;;;;;;;;;
;;;;;;;;;;;;;;;;;;;;;;;;;;;;;;;;;
;;;;;;;;;;;;;;;;;;;;;;;;;;;;;;;;;
;;;;;;;;;;;;;;;;;;;;;;;;;;;;;;;;;
;;;;;;;;;;;;;;;;;;;;;;;;;;;;;;;;;
;;;;;;;;;;;;;;;;;;;;;;;;;;;;;;;;;
;;;;;;;;;;;;;;;;;;;;;;;;;;;;;;;;;
;;;;;;;;;;;;;;;;;;;;;;;;;;;;;;;;;
;;;;;;;;;;;;;;;;;;;;;;;;;;;;;;;;;
;;;;;;;;;;;;;;;;;;;;;;;;;;;;;;;;;
;;;;;;;;;;;;;;;;;;;;;;;;;;;;;;;;;
;;;;;;;;;;;;;;;;;;;;;;;;;;;;;;;;;
;;;;;;;;;;;;;;;;;;;;;;;;;;;;;;;;;
;;;;;;;;;;;;;;;;;;;;;;;;;;;;;;;;;
;;;;;;;;;;;;;;;;;;;;;;;;;;;;;;;;;
;;;;;;;;;;;;;;;;;;;;;;;;;;;;;;;;;
;;;;;;;;;;;;;;;;;;;;;;;;;;;;;;;;;
;;;;;;;;;;;;;;;;;;;;;;;;;;;;;;;;;
;;;;;;;;;;;;;;;;;;;;;;;;;;;;;;;;;
;;;;;;;;;;;;;;;;;;;;;;;;;;;;;;;;;
;;;;;;;;;;;;;;;;;;;;;;;;;;;;;;;;;
;;;;;;;;;;;;;;;;;;;;;;;;;;;;;;;;;
;;;;;;;;;;;;;;;;;;;;;;;;;;;;;;;;;
;;;;;;;;;;;;;;;;;;;;;;;;;;;;;;;;;
;;;;;;;;;;;;;;;;;;;;;;;;;;;;;;;;;
;;;;;;;;;;;;;;;;;;;;;;;;;;;;;;;;;
;;;;;;;;;;;;;;;;;;;;;;;;;;;;;;;;;
;;;;;;;;;;;;;;;;;;;;;;;;;;;;;;;;;
;;;;;;;;;;;;;;;;;;;;;;;;;;;;;;;;;
;;;;;;;;;;;;;;;;;;;;;;;;;;;;;;;;;
;;;;;;;;;;;;;;;;;;;;;;;;;;;;;;;;;
;;;;;;;;;;;;;;;;;;;;;;;;;;;;;;;;;
;;;;;;;;;;;;;;;;;;;;;;;;;;;;;;;;;
;;;;;;;;;;;;;;;;;;;;;;;;;;;;;;;;;
;;;;;;;;;;;;;;;;;;;;;;;;;;;;;;;;;
;;;;;;;;;;;;;;;;;;;;;;;;;;;;;;;;;
;;;;;;;;;;;;;;;;;;;;;;;;;;;;;;;;;
;;;;;;;;;;;;;;;;;;;;;;;;;;;;;;;;;
;;;;;;;;;;;;;;;;;;;;;;;;;;;;;;;;;
;;;;;;;;;;;;;;;;;;;;;;;;;;;;;;;;;
;;;;;;;;;;;;;;;;;;;;;;;;;;;;;;;;;
;;;;;;;;;;;;;;;;;;;;;;;;;;;;;;;;;
;;;;;;;;;;;;;;;;;;;;;;;;;;;;;;;;;
;;;;;;;;;;;;;;;;;;;;;;;;;;;;;;;;;
;;;;;;;;;;;;;;;;;;;;;;;;;;;;;;;;;
;;;;;;;;;;;;;;;;;;;;;;;;;;;;;;;;;
;;;;;;;;;;;;;;;;;;;;;;;;;;;;;;;;;
;;;;;;;;;;;;;;;;;;;;;;;;;;;;;;;;;
;;;;;;;;;;;;;;;;;;;;;;;;;;;;;;;;;
;;;;;;;;;;;;;;;;;;;;;;;;;;;;;;;;;
;;;;;;;;;;;;;;;;;;;;;;;;;;;;;;;;;
;;;;;;;;;;;;;;;;;;;;;;;;;;;;;;;;;
;;;;;;;;;;;;;;;;;;;;;;;;;;;;;;;;;
;;;;;;;;;;;;;;;;;;;;;;;;;;;;;;;;;
;;;;;;;;;;;;;;;;;;;;;;;;;;;;;;;;;
;;;;;;;;;;;;;;;;;;;;;;;;;;;;;;;;;
;;;;;;;;;;;;;;;;;;;;;;;;;;;;;;;;;
;;;;;;;;;;;;;;;;;;;;;;;;;;;;;;;;;
;;;;;;;;;;;;;;;;;;;;;;;;;;;;;;;;;
;;;;;;;;;;;;;;;;;;;;;;;;;;;;;;;;;
;;;;;;;;;;;;;;;;;;;;;;;;;;;;;;;;;
;;;;;;;;;;;;;;;;;;;;;;;;;;;;;;;;;
;;;;;;;;;;;;;;;;;;;;;;;;;;;;;;;;;
;;;;;;;;;;;;;;;;;;;;;;;;;;;;;;;;;
;;;;;;;;;;;;;;;;;;;;;;;;;;;;;;;;;
;;;;;;;;;;;;;;;;;;;;;;;;;;;;;;;;;
;;;;;;;;;;;;;;;;;;;;;;;;;;;;;;;;;
;;;;;;;;;;;;;;;;;;;;;;;;;;;;;;;;;
;;;;;;;;;;;;;;;;;;;;;;;;;;;;;;;;;
;;;;;;;;;;;;;;;;;;;;;;;;;;;;;;;;;
;;;;;;;;;;;;;;;;;;;;;;;;;;;;;;;;;
;;;;;;;;;;;;;;;;;;;;;;;;;;;;;;;;;
;;;;;;;;;;;;;;;;;;;;;;;;;;;;;;;;;
;;;;;;;;;;;;;;;;;;;;;;;;;;;;;;;;;
;;;;;;;;;;;;;;;;;;;;;;;;;;;;;;;;;
;;;;;;;;;;;;;;;;;;;;;;;;;;;;;;;;;
;;;;;;;;;;;;;;;;;;;;;;;;;;;;;;;;;
;;;;;;;;;;;;;;;;;;;;;;;;;;;;;;;;;
;;;;;;;;;;;;;;;;;;;;;;;;;;;;;;;;;
;;;;;;;;;;;;;;;;;;;;;;;;;;;;;;;;;
;;;;;;;;;;;;;;;;;;;;;;;;;;;;;;;;;
;;;;;;;;;;;;;;;;;;;;;;;;;;;;;;;;;
;;;;;;;;;;;;;;;;;;;;;;;;;;;;;;;;;
;;;;;;;;;;;;;;;;;;;;;;;;;;;;;;;;;
;;;;;;;;;;;;;;;;;;;;;;;;;;;;;;;;;
;;;;;;;;;;;;;;;;;;;;;;;;;;;;;;;;;
;;;;;;;;;;;;;;;;;;;;;;;;;;;;;;;;;
;;;;;;;;;;;;;;;;;;;;;;;;;;;;;;;;;
;;;;;;;;;;;;;;;;;;;;;;;;;;;;;;;;;
;;;;;;;;;;;;;;;;;;;;;;;;;;;;;;;;;
;;;;;;;;;;;;;;;;;;;;;;;;;;;;;;;;;
;;;;;;;;;;;;;;;;;;;;;;;;;;;;;;;;;
;;;;;;;;;;;;;;;;;;;;;;;;;;;;;;;;;
;;;;;;;;;;;;;;;;;;;;;;;;;;;;;;;;;
;;;;;;;;;;;;;;;;;;;;;;;;;;;;;;;;;
;;;;;;;;;;;;;;;;;;;;;;;;;;;;;;;;;
;;;;;;;;;;;;;;;;;;;;;;;;;;;;;;;;;
;;;;;;;;;;;;;;;;;;;;;;;;;;;;;;;;;
;;;;;;;;;;;;;;;;;;;;;;;;;;;;;;;;;
;;;;;;;;;;;;;;;;;;;;;;;;;;;;;;;;;
;;;;;;;;;;;;;;;;;;;;;;;;;;;;;;;;;
;;;;;;;;;;;;;;;;;;;;;;;;;;;;;;;;;
;;;;;;;;;;;;;;;;;;;;;;;;;;;;;;;;;
;;;;;;;;;;;;;;;;;;;;;;;;;;;;;;;;;
;;;;;;;;;;;;;;;;;;;;;;;;;;;;;;;;;
;;;;;;;;;;;;;;;;;;;;;;;;;;;;;;;;;
;;;;;;;;;;;;;;;;;;;;;;;;;;;;;;;;;
;;;;;;;;;;;;;;;;;;;;;;;;;;;;;;;;;
;;;;;;;;;;;;;;;;;;;;;;;;;;;;;;;;;
;;;;;;;;;;;;;;;;;;;;;;;;;;;;;;;;;
;;;;;;;;;;;;;;;;;;;;;;;;;;;;;;;;;
;;;;;;;;;;;;;;;;;;;;;;;;;;;;;;;;;
;;;;;;;;;;;;;;;;;;;;;;;;;;;;;;;;;
;;;;;;;;;;;;;;;;;;;;;;;;;;;;;;;;;
;;;;;;;;;;;;;;;;;;;;;;;;;;;;;;;;;
;;;;;;;;;;;;;;;;;;;;;;;;;;;;;;;;;
;;;;;;;;;;;;;;;;;;;;;;;;;;;;;;;;;
;;;;;;;;;;;;;;;;;;;;;;;;;;;;;;;;;
;;;;;;;;;;;;;;;;;;;;;;;;;;;;;;;;;
;;;;;;;;;;;;;;;;;;;;;;;;;;;;;;;;;
;;;;;;;;;;;;;;;;;;;;;;;;;;;;;;;;;
;;;;;;;;;;;;;;;;;;;;;;;;;;;;;;;;;
;;;;;;;;;;;;;;;;;;;;;;;;;;;;;;;;;
;;;;;;;;;;;;;;;;;;;;;;;;;;;;;;;;;
;;;;;;;;;;;;;;;;;;;;;;;;;;;;;;;;;
;;;;;;;;;;;;;;;;;;;;;;;;;;;;;;;;;
;;;;;;;;;;;;;;;;;;;;;;;;;;;;;;;;;
;;;;;;;;;;;;;;;;;;;;;;;;;;;;;;;;;
;;;;;;;;;;;;;;;;;;;;;;;;;;;;;;;;;
;;;;;;;;;;;;;;;;;;;;;;;;;;;;;;;;;
;;;;;;;;;;;;;;;;;;;;;;;;;;;;;;;;;
;;;;;;;;;;;;;;;;;;;;;;;;;;;;;;;;;
;;;;;;;;;;;;;;;;;;;;;;;;;;;;;;;;;
;;;;;;;;;;;;;;;;;;;;;;;;;;;;;;;;;
;;;;;;;;;;;;;;;;;;;;;;;;;;;;;;;;;
;;;;;;;;;;;;;;;;;;;;;;;;;;;;;;;;;
;;;;;;;;;;;;;;;;;;;;;;;;;;;;;;;;;
;;;;;;;;;;;;;;;;;;;;;;;;;;;;;;;;;
;;;;;;;;;;;;;;;;;;;;;;;;;;;;;;;;;
;;;;;;;;;;;;;;;;;;;;;;;;;;;;;;;;;
;;;;;;;;;;;;;;;;;;;;;;;;;;;;;;;;;
;;;;;;;;;;;;;;;;;;;;;;;;;;;;;;;;;
;;;;;;;;;;;;;;;;;;;;;;;;;;;;;;;;;
;;;;;;;;;;;;;;;;;;;;;;;;;;;;;;;;;
;;;;;;;;;;;;;;;;;;;;;;;;;;;;;;;;;
;;;;;;;;;;;;;;;;;;;;;;;;;;;;;;;;;
;;;;;;;;;;;;;;;;;;;;;;;;;;;;;;;;;
;;;;;;;;;;;;;;;;;;;;;;;;;;;;;;;;;
;;;;;;;;;;;;;;;;;;;;;;;;;;;;;;;;;
;;;;;;;;;;;;;;;;;;;;;;;;;;;;;;;;;
;;;;;;;;;;;;;;;;;;;;;;;;;;;;;;;;;
;;;;;;;;;;;;;;;;;;;;;;;;;;;;;;;;;
;;;;;;;;;;;;;;;;;;;;;;;;;;;;;;;;;
;;;;;;;;;;;;;;;;;;;;;;;;;;;;;;;;;
;;;;;;;;;;;;;;;;;;;;;;;;;;;;;;;;;
;;;;;;;;;;;;;;;;;;;;;;;;;;;;;;;;;
;;;;;;;;;;;;;;;;;;;;;;;;;;;;;;;;;
;;;;;;;;;;;;;;;;;;;;;;;;;;;;;;;;;
;;;;;;;;;;;;;;;;;;;;;;;;;;;;;;;;;
;;;;;;;;;;;;;;;;;;;;;;;;;;;;;;;;;
;;;;;;;;;;;;;;;;;;;;;;;;;;;;;;;;;
;;;;;;;;;;;;;;;;;;;;;;;;;;;;;;;;;
;;;;;;;;;;;;;;;;;;;;;;;;;;;;;;;;;
;;;;;;;;;;;;;;;;;;;;;;;;;;;;;;;;;
;;;;;;;;;;;;;;;;;;;;;;;;;;;;;;;;;
;;;;;;;;;;;;;;;;;;;;;;;;;;;;;;;;;
;;;;;;;;;;;;;;;;;;;;;;;;;;;;;;;;;
;;;;;;;;;;;;;;;;;;;;;;;;;;;;;;;;;
;;;;;;;;;;;;;;;;;;;;;;;;;;;;;;;;;
;;;;;;;;;;;;;;;;;;;;;;;;;;;;;;;;;
;;;;;;;;;;;;;;;;;;;;;;;;;;;;;;;;;
;;;;;;;;;;;;;;;;;;;;;;;;;;;;;;;;;
;;;;;;;;;;;;;;;;;;;;;;;;;;;;;;;;;
;;;;;;;;;;;;;;;;;;;;;;;;;;;;;;;;;
;;;;;;;;;;;;;;;;;;;;;;;;;;;;;;;;;
;;;;;;;;;;;;;;;;;;;;;;;;;;;;;;;;;
;;;;;;;;;;;;;;;;;;;;;;;;;;;;;;;;;
;;;;;;;;;;;;;;;;;;;;;;;;;;;;;;;;;
;;;;;;;;;;;;;;;;;;;;;;;;;;;;;;;;;
;;;;;;;;;;;;;;;;;;;;;;;;;;;;;;;;;
;;;;;;;;;;;;;;;;;;;;;;;;;;;;;;;;;
;;;;;;;;;;;;;;;;;;;;;;;;;;;;;;;;;
;;;;;;;;;;;;;;;;;;;;;;;;;;;;;;;;;
;;;;;;;;;;;;;;;;;;;;;;;;;;;;;;;;;
;;;;;;;;;;;;;;;;;;;;;;;;;;;;;;;;;
;;;;;;;;;;;;;;;;;;;;;;;;;;;;;;;;;
;;;;;;;;;;;;;;;;;;;;;;;;;;;;;;;;;
;;;;;;;;;;;;;;;;;;;;;;;;;;;;;;;;;
;;;;;;;;;;;;;;;;;;;;;;;;;;;;;;;;;
;;;;;;;;;;;;;;;;;;;;;;;;;;;;;;;;;
;;;;;;;;;;;;;;;;;;;;;;;;;;;;;;;;;
;;;;;;;;;;;;;;;;;;;;;;;;;;;;;;;;;
;;;;;;;;;;;;;;;;;;;;;;;;;;;;;;;;;
;;;;;;;;;;;;;;;;;;;;;;;;;;;;;;;;;
;;;;;;;;;;;;;;;;;;;;;;;;;;;;;;;;;
;;;;;;;;;;;;;;;;;;;;;;;;;;;;;;;;;
;;;;;;;;;;;;;;;;;;;;;;;;;;;;;;;;;
;;;;;;;;;;;;;;;;;;;;;;;;;;;;;;;;;
;;;;;;;;;;;;;;;;;;;;;;;;;;;;;;;;;
;;;;;;;;;;;;;;;;;;;;;;;;;;;;;;;;;
;;;;;;;;;;;;;;;;;;;;;;;;;;;;;;;;;
;;;;;;;;;;;;;;;;;;;;;;;;;;;;;;;;;
;;;;;;;;;;;;;;;;;;;;;;;;;;;;;;;;;
;;;;;;;;;;;;;;;;;;;;;;;;;;;;;;;;;
;;;;;;;;;;;;;;;;;;;;;;;;;;;;;;;;;
;;;;;;;;;;;;;;;;;;;;;;;;;;;;;;;;;
;;;;;;;;;;;;;;;;;;;;;;;;;;;;;;;;;
;;;;;;;;;;;;;;;;;;;;;;;;;;;;;;;;;
;;;;;;;;;;;;;;;;;;;;;;;;;;;;;;;;;
;;;;;;;;;;;;;;;;;;;;;;;;;;;;;;;;;
;;;;;;;;;;;;;;;;;;;;;;;;;;;;;;;;;
;;;;;;;;;;;;;;;;;;;;;;;;;;;;;;;;;
;;;;;;;;;;;;;;;;;;;;;;;;;;;;;;;;;
;;;;;;;;;;;;;;;;;;;;;;;;;;;;;;;;;
;;;;;;;;;;;;;;;;;;;;;;;;;;;;;;;;;
;;;;;;;;;;;;;;;;;;;;;;;;;;;;;;;;;
;;;;;;;;;;;;;;;;;;;;;;;;;;;;;;;;;
;;;;;;;;;;;;;;;;;;;;;;;;;;;;;;;;;
;;;;;;;;;;;;;;;;;;;;;;;;;;;;;;;;;
;;;;;;;;;;;;;;;;;;;;;;;;;;;;;;;;;
;;;;;;;;;;;;;;;;;;;;;;;;;;;;;;;;;
;;;;;;;;;;;;;;;;;;;;;;;;;;;;;;;;;
;;;;;;;;;;;;;;;;;;;;;;;;;;;;;;;;;
;;;;;;;;;;;;;;;;;;;;;;;;;;;;;;;;;
;;;;;;;;;;;;;;;;;;;;;;;;;;;;;;;;;
;;;;;;;;;;;;;;;;;;;;;;;;;;;;;;;;;
;;;;;;;;;;;;;;;;;;;;;;;;;;;;;;;;;
;;;;;;;;;;;;;;;;;;;;;;;;;;;;;;;;;
;;;;;;;;;;;;;;;;;;;;;;;;;;;;;;;;;
;;;;;;;;;;;;;;;;;;;;;;;;;;;;;;;;;
;;;;;;;;;;;;;;;;;;;;;;;;;;;;;;;;;
;;;;;;;;;;;;;;;;;;;;;;;;;;;;;;;;;
;;;;;;;;;;;;;;;;;;;;;;;;;;;;;;;;;
;;;;;;;;;;;;;;;;;;;;;;;;;;;;;;;;;
;;;;;;;;;;;;;;;;;;;;;;;;;;;;;;;;;
;;;;;;;;;;;;;;;;;;;;;;;;;;;;;;;;;
;;;;;;;;;;;;;;;;;;;;;;;;;;;;;;;;;
;;;;;;;;;;;;;;;;;;;;;;;;;;;;;;;;;
;;;;;;;;;;;;;;;;;;;;;;;;;;;;;;;;;
;;;;;;;;;;;;;;;;;;;;;;;;;;;;;;;;;
;;;;;;;;;;;;;;;;;;;;;;;;;;;;;;;;;
;;;;;;;;;;;;;;;;;;;;;;;;;;;;;;;;;
;;;;;;;;;;;;;;;;;;;;;;;;;;;;;;;;;
;;;;;;;;;;;;;;;;;;;;;;;;;;;;;;;;;
;;;;;;;;;;;;;;;;;;;;;;;;;;;;;;;;;
;;;;;;;;;;;;;;;;;;;;;;;;;;;;;;;;;
;;;;;;;;;;;;;;;;;;;;;;;;;;;;;;;;;
;;;;;;;;;;;;;;;;;;;;;;;;;;;;;;;;;
;;;;;;;;;;;;;;;;;;;;;;;;;;;;;;;;;
;;;;;;;;;;;;;;;;;;;;;;;;;;;;;;;;;
;;;;;;;;;;;;;;;;;;;;;;;;;;;;;;;;;
;;;;;;;;;;;;;;;;;;;;;;;;;;;;;;;;;
;;;;;;;;;;;;;;;;;;;;;;;;;;;;;;;;;
;;;;;;;;;;;;;;;;;;;;;;;;;;;;;;;;;
;;;;;;;;;;;;;;;;;;;;;;;;;;;;;;;;;
;;;;;;;;;;;;;;;;;;;;;;;;;;;;;;;;;
;;;;;;;;;;;;;;;;;;;;;;;;;;;;;;;;;
;;;;;;;;;;;;;;;;;;;;;;;;;;;;;;;;;
;;;;;;;;;;;;;;;;;;;;;;;;;;;;;;;;;
;;;;;;;;;;;;;;;;;;;;;;;;;;;;;;;;;
;;;;;;;;;;;;;;;;;;;;;;;;;;;;;;;;;
;;;;;;;;;;;;;;;;;;;;;;;;;;;;;;;;;
;;;;;;;;;;;;;;;;;;;;;;;;;;;;;;;;;
;;;;;;;;;;;;;;;;;;;;;;;;;;;;;;;;;
;;;;;;;;;;;;;;;;;;;;;;;;;;;;;;;;;
;;;;;;;;;;;;;;;;;;;;;;;;;;;;;;;;;
;;;;;;;;;;;;;;;;;;;;;;;;;;;;;;;;;
;;;;;;;;;;;;;;;;;;;;;;;;;;;;;;;;;
;;;;;;;;;;;;;;;;;;;;;;;;;;;;;;;;;
;;;;;;;;;;;;;;;;;;;;;;;;;;;;;;;;;
;;;;;;;;;;;;;;;;;;;;;;;;;;;;;;;;;
;;;;;;;;;;;;;;;;;;;;;;;;;;;;;;;;;
;;;;;;;;;;;;;;;;;;;;;;;;;;;;;;;;;
;;;;;;;;;;;;;;;;;;;;;;;;;;;;;;;;;
;;;;;;;;;;;;;;;;;;;;;;;;;;;;;;;;;
;;;;;;;;;;;;;;;;;;;;;;;;;;;;;;;;;
;;;;;;;;;;;;;;;;;;;;;;;;;;;;;;;;;
;;;;;;;;;;;;;;;;;;;;;;;;;;;;;;;;;
;;;;;;;;;;;;;;;;;;;;;;;;;;;;;;;;;
;;;;;;;;;;;;;;;;;;;;;;;;;;;;;;;;;
;;;;;;;;;;;;;;;;;;;;;;;;;;;;;;;;;
;;;;;;;;;;;;;;;;;;;;;;;;;;;;;;;;;
;;;;;;;;;;;;;;;;;;;;;;;;;;;;;;;;;
;;;;;;;;;;;;;;;;;;;;;;;;;;;;;;;;;
;;;;;;;;;;;;;;;;;;;;;;;;;;;;;;;;;
;;;;;;;;;;;;;;;;;;;;;;;;;;;;;;;;;
;;;;;;;;;;;;;;;;;;;;;;;;;;;;;;;;;
;;;;;;;;;;;;;;;;;;;;;;;;;;;;;;;;;
;;;;;;;;;;;;;;;;;;;;;;;;;;;;;;;;;
;;;;;;;;;;;;;;;;;;;;;;;;;;;;;;;;;
;;;;;;;;;;;;;;;;;;;;;;;;;;;;;;;;;
;;;;;;;;;;;;;;;;;;;;;;;;;;;;;;;;;
;;;;;;;;;;;;;;;;;;;;;;;;;;;;;;;;;
;;;;;;;;;;;;;;;;;;;;;;;;;;;;;;;;;
;;;;;;;;;;;;;;;;;;;;;;;;;;;;;;;;;
;;;;;;;;;;;;;;;;;;;;;;;;;;;;;;;;;
;;;;;;;;;;;;;;;;;;;;;;;;;;;;;;;;;
;;;;;;;;;;;;;;;;;;;;;;;;;;;;;;;;;
;;;;;;;;;;;;;;;;;;;;;;;;;;;;;;;;;
;;;;;;;;;;;;;;;;;;;;;;;;;;;;;;;;;
;;;;;;;;;;;;;;;;;;;;;;;;;;;;;;;;;
;;;;;;;;;;;;;;;;;;;;;;;;;;;;;;;;;
;;;;;;;;;;;;;;;;;;;;;;;;;;;;;;;;;
;;;;;;;;;;;;;;;;;;;;;;;;;;;;;;;;;
;;;;;;;;;;;;;;;;;;;;;;;;;;;;;;;;;
;;;;;;;;;;;;;;;;;;;;;;;;;;;;;;;;;
;;;;;;;;;;;;;;;;;;;;;;;;;;;;;;;;;
;;;;;;;;;;;;;;;;;;;;;;;;;;;;;;;;;
;;;;;;;;;;;;;;;;;;;;;;;;;;;;;;;;;
;;;;;;;;;;;;;;;;;;;;;;;;;;;;;;;;;
;;;;;;;;;;;;;;;;;;;;;;;;;;;;;;;;;
;;;;;;;;;;;;;;;;;;;;;;;;;;;;;;;;;
;;;;;;;;;;;;;;;;;;;;;;;;;;;;;;;;;
;;;;;;;;;;;;;;;;;;;;;;;;;;;;;;;;;
;;;;;;;;;;;;;;;;;;;;;;;;;;;;;;;;;
;;;;;;;;;;;;;;;;;;;;;;;;;;;;;;;;;
;;;;;;;;;;;;;;;;;;;;;;;;;;;;;;;;;
;;;;;;;;;;;;;;;;;;;;;;;;;;;;;;;;;
;;;;;;;;;;;;;;;;;;;;;;;;;;;;;;;;;
;;;;;;;;;;;;;;;;;;;;;;;;;;;;;;;;;
;;;;;;;;;;;;;;;;;;;;;;;;;;;;;;;;;
;;;;;;;;;;;;;;;;;;;;;;;;;;;;;;;;;
;;;;;;;;;;;;;;;;;;;;;;;;;;;;;;;;;
;;;;;;;;;;;;;;;;;;;;;;;;;;;;;;;;;
;;;;;;;;;;;;;;;;;;;;;;;;;;;;;;;;;
;;;;;;;;;;;;;;;;;;;;;;;;;;;;;;;;;
;;;;;;;;;;;;;;;;;;;;;;;;;;;;;;;;;
;;;;;;;;;;;;;;;;;;;;;;;;;;;;;;;;;
;;;;;;;;;;;;;;;;;;;;;;;;;;;;;;;;;
;;;;;;;;;;;;;;;;;;;;;;;;;;;;;;;;;
;;;;;;;;;;;;;;;;;;;;;;;;;;;;;;;;;
;;;;;;;;;;;;;;;;;;;;;;;;;;;;;;;;;
;;;;;;;;;;;;;;;;;;;;;;;;;;;;;;;;;
;;;;;;;;;;;;;;;;;;;;;;;;;;;;;;;;;
;;;;;;;;;;;;;;;;;;;;;;;;;;;;;;;;;
;;;;;;;;;;;;;;;;;;;;;;;;;;;;;;;;;
;;;;;;;;;;;;;;;;;;;;;;;;;;;;;;;;;
;;;;;;;;;;;;;;;;;;;;;;;;;;;;;;;;;
;;;;;;;;;;;;;;;;;;;;;;;;;;;;;;;;;
;;;;;;;;;;;;;;;;;;;;;;;;;;;;;;;;;
;;;;;;;;;;;;;;;;;;;;;;;;;;;;;;;;;
;;;;;;;;;;;;;;;;;;;;;;;;;;;;;;;;;
;;;;;;;;;;;;;;;;;;;;;;;;;;;;;;;;;
;;;;;;;;;;;;;;;;;;;;;;;;;;;;;;;;;
;;;;;;;;;;;;;;;;;;;;;;;;;;;;;;;;;
;;;;;;;;;;;;;;;;;;;;;;;;;;;;;;;;;
;;;;;;;;;;;;;;;;;;;;;;;;;;;;;;;;;
;;;;;;;;;;;;;;;;;;;;;;;;;;;;;;;;;
;;;;;;;;;;;;;;;;;;;;;;;;;;;;;;;;;
;;;;;;;;;;;;;;;;;;;;;;;;;;;;;;;;;
;;;;;;;;;;;;;;;;;;;;;;;;;;;;;;;;;
;;;;;;;;;;;;;;;;;;;;;;;;;;;;;;;;;
;;;;;;;;;;;;;;;;;;;;;;;;;;;;;;;;;
;;;;;;;;;;;;;;;;;;;;;;;;;;;;;;;;;
;;;;;;;;;;;;;;;;;;;;;;;;;;;;;;;;;
;;;;;;;;;;;;;;;;;;;;;;;;;;;;;;;;;
;;;;;;;;;;;;;;;;;;;;;;;;;;;;;;;;;
;;;;;;;;;;;;;;;;;;;;;;;;;;;;;;;;;
;;;;;;;;;;;;;;;;;;;;;;;;;;;;;;;;;
;;;;;;;;;;;;;;;;;;;;;;;;;;;;;;;;;
;;;;;;;;;;;;;;;;;;;;;;;;;;;;;;;;;
;;;;;;;;;;;;;;;;;;;;;;;;;;;;;;;;;
;;;;;;;;;;;;;;;;;;;;;;;;;;;;;;;;;
;;;;;;;;;;;;;;;;;;;;;;;;;;;;;;;;;
;;;;;;;;;;;;;;;;;;;;;;;;;;;;;;;;;
;;;;;;;;;;;;;;;;;;;;;;;;;;;;;;;;;
;;;;;;;;;;;;;;;;;;;;;;;;;;;;;;;;;
;;;;;;;;;;;;;;;;;;;;;;;;;;;;;;;;;
;;;;;;;;;;;;;;;;;;;;;;;;;;;;;;;;;
;;;;;;;;;;;;;;;;;;;;;;;;;;;;;;;;;
;;;;;;;;;;;;;;;;;;;;;;;;;;;;;;;;;
;;;;;;;;;;;;;;;;;;;;;;;;;;;;;;;;;
;;;;;;;;;;;;;;;;;;;;;;;;;;;;;;;;;
;;;;;;;;;;;;;;;;;;;;;;;;;;;;;;;;;
;;;;;;;;;;;;;;;;;;;;;;;;;;;;;;;;;
;;;;;;;;;;;;;;;;;;;;;;;;;;;;;;;;;
;;;;;;;;;;;;;;;;;;;;;;;;;;;;;;;;;
;;;;;;;;;;;;;;;;;;;;;;;;;;;;;;;;;
;;;;;;;;;;;;;;;;;;;;;;;;;;;;;;;;;
;;;;;;;;;;;;;;;;;;;;;;;;;;;;;;;;;
;;;;;;;;;;;;;;;;;;;;;;;;;;;;;;;;;
;;;;;;;;;;;;;;;;;;;;;;;;;;;;;;;;;
;;;;;;;;;;;;;;;;;;;;;;;;;;;;;;;;;
;;;;;;;;;;;;;;;;;;;;;;;;;;;;;;;;;
;;;;;;;;;;;;;;;;;;;;;;;;;;;;;;;;;
;;;;;;;;;;;;;;;;;;;;;;;;;;;;;;;;;
;;;;;;;;;;;;;;;;;;;;;;;;;;;;;;;;;
;;;;;;;;;;;;;;;;;;;;;;;;;;;;;;;;;
;;;;;;;;;;;;;;;;;;;;;;;;;;;;;;;;;
;;;;;;;;;;;;;;;;;;;;;;;;;;;;;;;;;
;;;;;;;;;;;;;;;;;;;;;;;;;;;;;;;;;
;;;;;;;;;;;;;;;;;;;;;;;;;;;;;;;;;
;;;;;;;;;;;;;;;;;;;;;;;;;;;;;;;;;
;;;;;;;;;;;;;;;;;;;;;;;;;;;;;;;;;
;;;;;;;;;;;;;;;;;;;;;;;;;;;;;;;;;
;;;;;;;;;;;;;;;;;;;;;;;;;;;;;;;;;
;;;;;;;;;;;;;;;;;;;;;;;;;;;;;;;;;
;;;;;;;;;;;;;;;;;;;;;;;;;;;;;;;;;
;;;;;;;;;;;;;;;;;;;;;;;;;;;;;;;;;
;;;;;;;;;;;;;;;;;;;;;;;;;;;;;;;;;
;;;;;;;;;;;;;;;;;;;;;;;;;;;;;;;;;
;;;;;;;;;;;;;;;;;;;;;;;;;;;;;;;;;
;;;;;;;;;;;;;;;;;;;;;;;;;;;;;;;;;
;;;;;;;;;;;;;;;;;;;;;;;;;;;;;;;;;
;;;;;;;;;;;;;;;;;;;;;;;;;;;;;;;;;
;;;;;;;;;;;;;;;;;;;;;;;;;;;;;;;;;
;;;;;;;;;;;;;;;;;;;;;;;;;;;;;;;;;
;;;;;;;;;;;;;;;;;;;;;;;;;;;;;;;;;
;;;;;;;;;;;;;;;;;;;;;;;;;;;;;;;;;
;;;;;;;;;;;;;;;;;;;;;;;;;;;;;;;;;
;;;;;;;;;;;;;;;;;;;;;;;;;;;;;;;;;
;;;;;;;;;;;;;;;;;;;;;;;;;;;;;;;;;
;;;;;;;;;;;;;;;;;;;;;;;;;;;;;;;;;
;;;;;;;;;;;;;;;;;;;;;;;;;;;;;;;;;
;;;;;;;;;;;;;;;;;;;;;;;;;;;;;;;;;
;;;;;;;;;;;;;;;;;;;;;;;;;;;;;;;;;
;;;;;;;;;;;;;;;;;;;;;;;;;;;;;;;;;
;;;;;;;;;;;;;;;;;;;;;;;;;;;;;;;;;
;;;;;;;;;;;;;;;;;;;;;;;;;;;;;;;;;
;;;;;;;;;;;;;;;;;;;;;;;;;;;;;;;;;
;;;;;;;;;;;;;;;;;;;;;;;;;;;;;;;;;
;;;;;;;;;;;;;;;;;;;;;;;;;;;;;;;;;
;;;;;;;;;;;;;;;;;;;;;;;;;;;;;;;;;
;;;;;;;;;;;;;;;;;;;;;;;;;;;;;;;;;
;;;;;;;;;;;;;;;;;;;;;;;;;;;;;;;;;
;;;;;;;;;;;;;;;;;;;;;;;;;;;;;;;;;
;;;;;;;;;;;;;;;;;;;;;;;;;;;;;;;;;
;;;;;;;;;;;;;;;;;;;;;;;;;;;;;;;;;
;;;;;;;;;;;;;;;;;;;;;;;;;;;;;;;;;
;;;;;;;;;;;;;;;;;;;;;;;;;;;;;;;;;
;;;;;;;;;;;;;;;;;;;;;;;;;;;;;;;;;
;;;;;;;;;;;;;;;;;;;;;;;;;;;;;;;;;
;;;;;;;;;;;;;;;;;;;;;;;;;;;;;;;;;
;;;;;;;;;;;;;;;;;;;;;;;;;;;;;;;;;
;;;;;;;;;;;;;;;;;;;;;;;;;;;;;;;;;
;;;;;;;;;;;;;;;;;;;;;;;;;;;;;;;;;
;;;;;;;;;;;;;;;;;;;;;;;;;;;;;;;;;
;;;;;;;;;;;;;;;;;;;;;;;;;;;;;;;;;
;;;;;;;;;;;;;;;;;;;;;;;;;;;;;;;;;
;;;;;;;;;;;;;;;;;;;;;;;;;;;;;;;;;
;;;;;;;;;;;;;;;;;;;;;;;;;;;;;;;;;
;;;;;;;;;;;;;;;;;;;;;;;;;;;;;;;;;
;;;;;;;;;;;;;;;;;;;;;;;;;;;;;;;;;
;;;;;;;;;;;;;;;;;;;;;;;;;;;;;;;;;
;;;;;;;;;;;;;;;;;;;;;;;;;;;;;;;;;
;;;;;;;;;;;;;;;;;;;;;;;;;;;;;;;;;
;;;;;;;;;;;;;;;;;;;;;;;;;;;;;;;;;
;;;;;;;;;;;;;;;;;;;;;;;;;;;;;;;;;
;;;;;;;;;;;;;;;;;;;;;;;;;;;;;;;;;
;;;;;;;;;;;;;;;;;;;;;;;;;;;;;;;;;
;;;;;;;;;;;;;;;;;;;;;;;;;;;;;;;;;
;;;;;;;;;;;;;;;;;;;;;;;;;;;;;;;;;
;;;;;;;;;;;;;;;;;;;;;;;;;;;;;;;;;
;;;;;;;;;;;;;;;;;;;;;;;;;;;;;;;;;
;;;;;;;;;;;;;;;;;;;;;;;;;;;;;;;;;
;;;;;;;;;;;;;;;;;;;;;;;;;;;;;;;;;
;;;;;;;;;;;;;;;;;;;;;;;;;;;;;;;;;
;;;;;;;;;;;;;;;;;;;;;;;;;;;;;;;;;
;;;;;;;;;;;;;;;;;;;;;;;;;;;;;;;;;
;;;;;;;;;;;;;;;;;;;;;;;;;;;;;;;;;
;;;;;;;;;;;;;;;;;;;;;;;;;;;;;;;;;
;;;;;;;;;;;;;;;;;;;;;;;;;;;;;;;;;
;;;;;;;;;;;;;;;;;;;;;;;;;;;;;;;;;
;;;;;;;;;;;;;;;;;;;;;;;;;;;;;;;;;
;;;;;;;;;;;;;;;;;;;;;;;;;;;;;;;;;
;;;;;;;;;;;;;;;;;;;;;;;;;;;;;;;;;
;;;;;;;;;;;;;;;;;;;;;;;;;;;;;;;;;
;;;;;;;;;;;;;;;;;;;;;;;;;;;;;;;;;
;;;;;;;;;;;;;;;;;;;;;;;;;;;;;;;;;
;;;;;;;;;;;;;;;;;;;;;;;;;;;;;;;;;
;;;;;;;;;;;;;;;;;;;;;;;;;;;;;;;;;
;;;;;;;;;;;;;;;;;;;;;;;;;;;;;;;;;
;;;;;;;;;;;;;;;;;;;;;;;;;;;;;;;;;
;;;;;;;;;;;;;;;;;;;;;;;;;;;;;;;;;
;;;;;;;;;;;;;;;;;;;;;;;;;;;;;;;;;
;;;;;;;;;;;;;;;;;;;;;;;;;;;;;;;;;
;;;;;;;;;;;;;;;;;;;;;;;;;;;;;;;;;
;;;;;;;;;;;;;;;;;;;;;;;;;;;;;;;;;
;;;;;;;;;;;;;;;;;;;;;;;;;;;;;;;;;
;;;;;;;;;;;;;;;;;;;;;;;;;;;;;;;;;
;;;;;;;;;;;;;;;;;;;;;;;;;;;;;;;;;
;;;;;;;;;;;;;;;;;;;;;;;;;;;;;;;;;
;;;;;;;;;;;;;;;;;;;;;;;;;;;;;;;;;
;;;;;;;;;;;;;;;;;;;;;;;;;;;;;;;;;
;;;;;;;;;;;;;;;;;;;;;;;;;;;;;;;;;
;;;;;;;;;;;;;;;;;;;;;;;;;;;;;;;;;
;;;;;;;;;;;;;;;;;;;;;;;;;;;;;;;;;
;;;;;;;;;;;;;;;;;;;;;;;;;;;;;;;;;
;;;;;;;;;;;;;;;;;;;;;;;;;;;;;;;;;
;;;;;;;;;;;;;;;;;;;;;;;;;;;;;;;;;
;;;;;;;;;;;;;;;;;;;;;;;;;;;;;;;;;
;;;;;;;;;;;;;;;;;;;;;;;;;;;;;;;;;
;;;;;;;;;;;;;;;;;;;;;;;;;;;;;;;;;
;;;;;;;;;;;;;;;;;;;;;;;;;;;;;;;;;
;;;;;;;;;;;;;;;;;;;;;;;;;;;;;;;;;
;;;;;;;;;;;;;;;;;;;;;;;;;;;;;;;;;
;;;;;;;;;;;;;;;;;;;;;;;;;;;;;;;;;
;;;;;;;;;;;;;;;;;;;;;;;;;;;;;;;;;
;;;;;;;;;;;;;;;;;;;;;;;;;;;;;;;;;
;;;;;;;;;;;;;;;;;;;;;;;;;;;;;;;;;
;;;;;;;;;;;;;;;;;;;;;;;;;;;;;;;;;
;;;;;;;;;;;;;;;;;;;;;;;;;;;;;;;;;
;;;;;;;;;;;;;;;;;;;;;;;;;;;;;;;;;
;;;;;;;;;;;;;;;;;;;;;;;;;;;;;;;;;
;;;;;;;;;;;;;;;;;;;;;;;;;;;;;;;;;
;;;;;;;;;;;;;;;;;;;;;;;;;;;;;;;;;
;;;;;;;;;;;;;;;;;;;;;;;;;;;;;;;;;
;;;;;;;;;;;;;;;;;;;;;;;;;;;;;;;;;
;;;;;;;;;;;;;;;;;;;;;;;;;;;;;;;;;
;;;;;;;;;;;;;;;;;;;;;;;;;;;;;;;;;
;;;;;;;;;;;;;;;;;;;;;;;;;;;;;;;;;
;;;;;;;;;;;;;;;;;;;;;;;;;;;;;;;;;
;;;;;;;;;;;;;;;;;;;;;;;;;;;;;;;;;
;;;;;;;;;;;;;;;;;;;;;;;;;;;;;;;;;
;;;;;;;;;;;;;;;;;;;;;;;;;;;;;;;;;
;;;;;;;;;;;;;;;;;;;;;;;;;;;;;;;;;
;;;;;;;;;;;;;;;;;;;;;;;;;;;;;;;;;
;;;;;;;;;;;;;;;;;;;;;;;;;;;;;;;;;
;;;;;;;;;;;;;;;;;;;;;;;;;;;;;;;;;
;;;;;;;;;;;;;;;;;;;;;;;;;;;;;;;;;
;;;;;;;;;;;;;;;;;;;;;;;;;;;;;;;;;
;;;;;;;;;;;;;;;;;;;;;;;;;;;;;;;;;
;;;;;;;;;;;;;;;;;;;;;;;;;;;;;;;;;
;;;;;;;;;;;;;;;;;;;;;;;;;;;;;;;;;
;;;;;;;;;;;;;;;;;;;;;;;;;;;;;;;;;
;;;;;;;;;;;;;;;;;;;;;;;;;;;;;;;;;
;;;;;;;;;;;;;;;;;;;;;;;;;;;;;;;;;
;;;;;;;;;;;;;;;;;;;;;;;;;;;;;;;;;
;;;;;;;;;;;;;;;;;;;;;;;;;;;;;;;;;
;;;;;;;;;;;;;;;;;;;;;;;;;;;;;;;;;
;;;;;;;;;;;;;;;;;;;;;;;;;;;;;;;;;
;;;;;;;;;;;;;;;;;;;;;;;;;;;;;;;;;
;;;;;;;;;;;;;;;;;;;;;;;;;;;;;;;;;
;;;;;;;;;;;;;;;;;;;;;;;;;;;;;;;;;
;;;;;;;;;;;;;;;;;;;;;;;;;;;;;;;;;
;;;;;;;;;;;;;;;;;;;;;;;;;;;;;;;;;
;;;;;;;;;;;;;;;;;;;;;;;;;;;;;;;;;
;;;;;;;;;;;;;;;;;;;;;;;;;;;;;;;;;
;;;;;;;;;;;;;;;;;;;;;;;;;;;;;;;;;
;;;;;;;;;;;;;;;;;;;;;;;;;;;;;;;;;
;;;;;;;;;;;;;;;;;;;;;;;;;;;;;;;;;
;;;;;;;;;;;;;;;;;;;;;;;;;;;;;;;;;
;;;;;;;;;;;;;;;;;;;;;;;;;;;;;;;;;
;;;;;;;;;;;;;;;;;;;;;;;;;;;;;;;;;
;;;;;;;;;;;;;;;;;;;;;;;;;;;;;;;;;
;;;;;;;;;;;;;;;;;;;;;;;;;;;;;;;;;
;;;;;;;;;;;;;;;;;;;;;;;;;;;;;;;;;
;;;;;;;;;;;;;;;;;;;;;;;;;;;;;;;;;
;;;;;;;;;;;;;;;;;;;;;;;;;;;;;;;;;
;;;;;;;;;;;;;;;;;;;;;;;;;;;;;;;;;
;;;;;;;;;;;;;;;;;;;;;;;;;;;;;;;;;
;;;;;;;;;;;;;;;;;;;;;;;;;;;;;;;;;
;;;;;;;;;;;;;;;;;;;;;;;;;;;;;;;;;
;;;;;;;;;;;;;;;;;;;;;;;;;;;;;;;;;
;;;;;;;;;;;;;;;;;;;;;;;;;;;;;;;;;
;;;;;;;;;;;;;;;;;;;;;;;;;;;;;;;;;
;;;;;;;;;;;;;;;;;;;;;;;;;;;;;;;;;
;;;;;;;;;;;;;;;;;;;;;;;;;;;;;;;;;
;;;;;;;;;;;;;;;;;;;;;;;;;;;;;;;;;
;;;;;;;;;;;;;;;;;;;;;;;;;;;;;;;;;
;;;;;;;;;;;;;;;;;;;;;;;;;;;;;;;;;
;;;;;;;;;;;;;;;;;;;;;;;;;;;;;;;;;
;;;;;;;;;;;;;;;;;;;;;;;;;;;;;;;;;
;;;;;;;;;;;;;;;;;;;;;;;;;;;;;;;;;
;;;;;;;;;;;;;;;;;;;;;;;;;;;;;;;;;
;;;;;;;;;;;;;;;;;;;;;;;;;;;;;;;;;
;;;;;;;;;;;;;;;;;;;;;;;;;;;;;;;;;
;;;;;;;;;;;;;;;;;;;;;;;;;;;;;;;;;
;;;;;;;;;;;;;;;;;;;;;;;;;;;;;;;;;
;;;;;;;;;;;;;;;;;;;;;;;;;;;;;;;;;
;;;;;;;;;;;;;;;;;;;;;;;;;;;;;;;;;
;;;;;;;;;;;;;;;;;;;;;;;;;;;;;;;;;
;;;;;;;;;;;;;;;;;;;;;;;;;;;;;;;;;
;;;;;;;;;;;;;;;;;;;;;;;;;;;;;;;;;
;;;;;;;;;;;;;;;;;;;;;;;;;;;;;;;;;
;;;;;;;;;;;;;;;;;;;;;;;;;;;;;;;;;
;;;;;;;;;;;;;;;;;;;;;;;;;;;;;;;;;
;;;;;;;;;;;;;;;;;;;;;;;;;;;;;;;;;
;;;;;;;;;;;;;;;;;;;;;;;;;;;;;;;;;
;;;;;;;;;;;;;;;;;;;;;;;;;;;;;;;;;
;;;;;;;;;;;;;;;;;;;;;;;;;;;;;;;;;
;;;;;;;;;;;;;;;;;;;;;;;;;;;;;;;;;
;;;;;;;;;;;;;;;;;;;;;;;;;;;;;;;;;
;;;;;;;;;;;;;;;;;;;;;;;;;;;;;;;;;
;;;;;;;;;;;;;;;;;;;;;;;;;;;;;;;;;
;;;;;;;;;;;;;;;;;;;;;;;;;;;;;;;;;
;;;;;;;;;;;;;;;;;;;;;;;;;;;;;;;;;
;;;;;;;;;;;;;;;;;;;;;;;;;;;;;;;;;
;;;;;;;;;;;;;;;;;;;;;;;;;;;;;;;;;
;;;;;;;;;;;;;;;;;;;;;;;;;;;;;;;;;
;;;;;;;;;;;;;;;;;;;;;;;;;;;;;;;;;
;;;;;;;;;;;;;;;;;;;;;;;;;;;;;;;;;
;;;;;;;;;;;;;;;;;;;;;;;;;;;;;;;;;
;;;;;;;;;;;;;;;;;;;;;;;;;;;;;;;;;
;;;;;;;;;;;;;;;;;;;;;;;;;;;;;;;;;
;;;;;;;;;;;;;;;;;;;;;;;;;;;;;;;;;
;;;;;;;;;;;;;;;;;;;;;;;;;;;;;;;;;
;;;;;;;;;;;;;;;;;;;;;;;;;;;;;;;;;
;;;;;;;;;;;;;;;;;;;;;;;;;;;;;;;;;
;;;;;;;;;;;;;;;;;;;;;;;;;;;;;;;;;
;;;;;;;;;;;;;;;;;;;;;;;;;;;;;;;;;
;;;;;;;;;;;;;;;;;;;;;;;;;;;;;;;;;
;;;;;;;;;;;;;;;;;;;;;;;;;;;;;;;;;
;;;;;;;;;;;;;;;;;;;;;;;;;;;;;;;;;
;;;;;;;;;;;;;;;;;;;;;;;;;;;;;;;;;
;;;;;;;;;;;;;;;;;;;;;;;;;;;;;;;;;
;;;;;;;;;;;;;;;;;;;;;;;;;;;;;;;;;
;;;;;;;;;;;;;;;;;;;;;;;;;;;;;;;;;
;;;;;;;;;;;;;;;;;;;;;;;;;;;;;;;;;
;;;;;;;;;;;;;;;;;;;;;;;;;;;;;;;;;
;;;;;;;;;;;;;;;;;;;;;;;;;;;;;;;;;
;;;;;;;;;;;;;;;;;;;;;;;;;;;;;;;;;
;;;;;;;;;;;;;;;;;;;;;;;;;;;;;;;;;
;;;;;;;;;;;;;;;;;;;;;;;;;;;;;;;;;
;;;;;;;;;;;;;;;;;;;;;;;;;;;;;;;;;
;;;;;;;;;;;;;;;;;;;;;;;;;;;;;;;;;
;;;;;;;;;;;;;;;;;;;;;;;;;;;;;;;;;
;;;;;;;;;;;;;;;;;;;;;;;;;;;;;;;;;
;;;;;;;;;;;;;;;;;;;;;;;;;;;;;;;;;
;;;;;;;;;;;;;;;;;;;;;;;;;;;;;;;;;
;;;;;;;;;;;;;;;;;;;;;;;;;;;;;;;;;
;;;;;;;;;;;;;;;;;;;;;;;;;;;;;;;;;
;;;;;;;;;;;;;;;;;;;;;;;;;;;;;;;;;
;;;;;;;;;;;;;;;;;;;;;;;;;;;;;;;;;
;;;;;;;;;;;;;;;;;;;;;;;;;;;;;;;;;
;;;;;;;;;;;;;;;;;;;;;;;;;;;;;;;;;
;;;;;;;;;;;;;;;;;;;;;;;;;;;;;;;;;
;;;;;;;;;;;;;;;;;;;;;;;;;;;;;;;;;
;;;;;;;;;;;;;;;;;;;;;;;;;;;;;;;;;
;;;;;;;;;;;;;;;;;;;;;;;;;;;;;;;;;
;;;;;;;;;;;;;;;;;;;;;;;;;;;;;;;;;
;;;;;;;;;;;;;;;;;;;;;;;;;;;;;;;;;
;;;;;;;;;;;;;;;;;;;;;;;;;;;;;;;;;
;;;;;;;;;;;;;;;;;;;;;;;;;;;;;;;;;
;;;;;;;;;;;;;;;;;;;;;;;;;;;;;;;;;
;;;;;;;;;;;;;;;;;;;;;;;;;;;;;;;;;
;;;;;;;;;;;;;;;;;;;;;;;;;;;;;;;;;
;;;;;;;;;;;;;;;;;;;;;;;;;;;;;;;;;
;;;;;;;;;;;;;;;;;;;;;;;;;;;;;;;;;
;;;;;;;;;;;;;;;;;;;;;;;;;;;;;;;;;
;;;;;;;;;;;;;;;;;;;;;;;;;;;;;;;;;
;;;;;;;;;;;;;;;;;;;;;;;;;;;;;;;;;
;;;;;;;;;;;;;;;;;;;;;;;;;;;;;;;;;
;;;;;;;;;;;;;;;;;;;;;;;;;;;;;;;;;
;;;;;;;;;;;;;;;;;;;;;;;;;;;;;;;;;
;;;;;;;;;;;;;;;;;;;;;;;;;;;;;;;;;
;;;;;;;;;;;;;;;;;;;;;;;;;;;;;;;;;
;;;;;;;;;;;;;;;;;;;;;;;;;;;;;;;;;
;;;;;;;;;;;;;;;;;;;;;;;;;;;;;;;;;
;;;;;;;;;;;;;;;;;;;;;;;;;;;;;;;;;
;;;;;;;;;;;;;;;;;;;;;;;;;;;;;;;;;
;;;;;;;;;;;;;;;;;;;;;;;;;;;;;;;;;
;;;;;;;;;;;;;;;;;;;;;;;;;;;;;;;;;
;;;;;;;;;;;;;;;;;;;;;;;;;;;;;;;;;
;;;;;;;;;;;;;;;;;;;;;;;;;;;;;;;;;
;;;;;;;;;;;;;;;;;;;;;;;;;;;;;;;;;
;;;;;;;;;;;;;;;;;;;;;;;;;;;;;;;;;
;;;;;;;;;;;;;;;;;;;;;;;;;;;;;;;;;
;;;;;;;;;;;;;;;;;;;;;;;;;;;;;;;;;
;;;;;;;;;;;;;;;;;;;;;;;;;;;;;;;;;
;;;;;;;;;;;;;;;;;;;;;;;;;;;;;;;;;
;;;;;;;;;;;;;;;;;;;;;;;;;;;;;;;;;
;;;;;;;;;;;;;;;;;;;;;;;;;;;;;;;;;
;;;;;;;;;;;;;;;;;;;;;;;;;;;;;;;;;
;;;;;;;;;;;;;;;;;;;;;;;;;;;;;;;;;
;;;;;;;;;;;;;;;;;;;;;;;;;;;;;;;;;
;;;;;;;;;;;;;;;;;;;;;;;;;;;;;;;;;
;;;;;;;;;;;;;;;;;;;;;;;;;;;;;;;;;
;;;;;;;;;;;;;;;;;;;;;;;;;;;;;;;;;
;;;;;;;;;;;;;;;;;;;;;;;;;;;;;;;;;
;;;;;;;;;;;;;;;;;;;;;;;;;;;;;;;;;
;;;;;;;;;;;;;;;;;;;;;;;;;;;;;;;;;
;;;;;;;;;;;;;;;;;;;;;;;;;;;;;;;;;
;;;;;;;;;;;;;;;;;;;;;;;;;;;;;;;;;
;;;;;;;;;;;;;;;;;;;;;;;;;;;;;;;;;
;;;;;;;;;;;;;;;;;;;;;;;;;;;;;;;;;
;;;;;;;;;;;;;;;;;;;;;;;;;;;;;;;;;
;;;;;;;;;;;;;;;;;;;;;;;;;;;;;;;;;
;;;;;;;;;;;;;;;;;;;;;;;;;;;;;;;;;
;;;;;;;;;;;;;;;;;;;;;;;;;;;;;;;;;
;;;;;;;;;;;;;;;;;;;;;;;;;;;;;;;;;
;;;;;;;;;;;;;;;;;;;;;;;;;;;;;;;;;
;;;;;;;;;;;;;;;;;;;;;;;;;;;;;;;;;
;;;;;;;;;;;;;;;;;;;;;;;;;;;;;;;;;
;;;;;;;;;;;;;;;;;;;;;;;;;;;;;;;;;
;;;;;;;;;;;;;;;;;;;;;;;;;;;;;;;;;
;;;;;;;;;;;;;;;;;;;;;;;;;;;;;;;;;
;;;;;;;;;;;;;;;;;;;;;;;;;;;;;;;;;
;;;;;;;;;;;;;;;;;;;;;;;;;;;;;;;;;
;;;;;;;;;;;;;;;;;;;;;;;;;;;;;;;;;
;;;;;;;;;;;;;;;;;;;;;;;;;;;;;;;;;
;;;;;;;;;;;;;;;;;;;;;;;;;;;;;;;;;
;;;;;;;;;;;;;;;;;;;;;;;;;;;;;;;;;
;;;;;;;;;;;;;;;;;;;;;;;;;;;;;;;;;
;;;;;;;;;;;;;;;;;;;;;;;;;;;;;;;;;
;;;;;;;;;;;;;;;;;;;;;;;;;;;;;;;;;
;;;;;;;;;;;;;;;;;;;;;;;;;;;;;;;;;
;;;;;;;;;;;;;;;;;;;;;;;;;;;;;;;;;
;;;;;;;;;;;;;;;;;;;;;;;;;;;;;;;;;
;;;;;;;;;;;;;;;;;;;;;;;;;;;;;;;;;
;;;;;;;;;;;;;;;;;;;;;;;;;;;;;;;;;
;;;;;;;;;;;;;;;;;;;;;;;;;;;;;;;;;
;;;;;;;;;;;;;;;;;;;;;;;;;;;;;;;;;
;;;;;;;;;;;;;;;;;;;;;;;;;;;;;;;;;
;;;;;;;;;;;;;;;;;;;;;;;;;;;;;;;;;
;;;;;;;;;;;;;;;;;;;;;;;;;;;;;;;;;
;;;;;;;;;;;;;;;;;;;;;;;;;;;;;;;;;
;;;;;;;;;;;;;;;;;;;;;;;;;;;;;;;;;
;;;;;;;;;;;;;;;;;;;;;;;;;;;;;;;;;
;;;;;;;;;;;;;;;;;;;;;;;;;;;;;;;;;
;;;;;;;;;;;;;;;;;;;;;;;;;;;;;;;;;
;;;;;;;;;;;;;;;;;;;;;;;;;;;;;;;;;
;;;;;;;;;;;;;;;;;;;;;;;;;;;;;;;;;
;;;;;;;;;;;;;;;;;;;;;;;;;;;;;;;;;
;;;;;;;;;;;;;;;;;;;;;;;;;;;;;;;;;
;;;;;;;;;;;;;;;;;;;;;;;;;;;;;;;;;
;;;;;;;;;;;;;;;;;;;;;;;;;;;;;;;;;
;;;;;;;;;;;;;;;;;;;;;;;;;;;;;;;;;
;;;;;;;;;;;;;;;;;;;;;;;;;;;;;;;;;
;;;;;;;;;;;;;;;;;;;;;;;;;;;;;;;;;
;;;;;;;;;;;;;;;;;;;;;;;;;;;;;;;;;
;;;;;;;;;;;;;;;;;;;;;;;;;;;;;;;;;
;;;;;;;;;;;;;;;;;;;;;;;;;;;;;;;;;
;;;;;;;;;;;;;;;;;;;;;;;;;;;;;;;;;
;;;;;;;;;;;;;;;;;;;;;;;;;;;;;;;;;
;;;;;;;;;;;;;;;;;;;;;;;;;;;;;;;;;
;;;;;;;;;;;;;;;;;;;;;;;;;;;;;;;;;
;;;;;;;;;;;;;;;;;;;;;;;;;;;;;;;;;
;;;;;;;;;;;;;;;;;;;;;;;;;;;;;;;;;
;;;;;;;;;;;;;;;;;;;;;;;;;;;;;;;;;
;;;;;;;;;;;;;;;;;;;;;;;;;;;;;;;;;
;;;;;;;;;;;;;;;;;;;;;;;;;;;;;;;;;
;;;;;;;;;;;;;;;;;;;;;;;;;;;;;;;;;
;;;;;;;;;;;;;;;;;;;;;;;;;;;;;;;;;
;;;;;;;;;;;;;;;;;;;;;;;;;;;;;;;;;
;;;;;;;;;;;;;;;;;;;;;;;;;;;;;;;;;
;;;;;;;;;;;;;;;;;;;;;;;;;;;;;;;;;
;;;;;;;;;;;;;;;;;;;;;;;;;;;;;;;;;
;;;;;;;;;;;;;;;;;;;;;;;;;;;;;;;;;
;;;;;;;;;;;;;;;;;;;;;;;;;;;;;;;;;
;;;;;;;;;;;;;;;;;;;;;;;;;;;;;;;;;
;;;;;;;;;;;;;;;;;;;;;;;;;;;;;;;;;
;;;;;;;;;;;;;;;;;;;;;;;;;;;;;;;;;
;;;;;;;;;;;;;;;;;;;;;;;;;;;;;;;;;
;;;;;;;;;;;;;;;;;;;;;;;;;;;;;;;;;
;;;;;;;;;;;;;;;;;;;;;;;;;;;;;;;;;
;;;;;;;;;;;;;;;;;;;;;;;;;;;;;;;;;
;;;;;;;;;;;;;;;;;;;;;;;;;;;;;;;;;
;;;;;;;;;;;;;;;;;;;;;;;;;;;;;;;;;
;;;;;;;;;;;;;;;;;;;;;;;;;;;;;;;;;
;;;;;;;;;;;;;;;;;;;;;;;;;;;;;;;;;
;;;;;;;;;;;;;;;;;;;;;;;;;;;;;;;;;
;;;;;;;;;;;;;;;;;;;;;;;;;;;;;;;;;
;;;;;;;;;;;;;;;;;;;;;;;;;;;;;;;;;
;;;;;;;;;;;;;;;;;;;;;;;;;;;;;;;;;
;;;;;;;;;;;;;;;;;;;;;;;;;;;;;;;;;
;;;;;;;;;;;;;;;;;;;;;;;;;;;;;;;;;
;;;;;;;;;;;;;;;;;;;;;;;;;;;;;;;;;
;;;;;;;;;;;;;;;;;;;;;;;;;;;;;;;;;
;;;;;;;;;;;;;;;;;;;;;;;;;;;;;;;;;
;;;;;;;;;;;;;;;;;;;;;;;;;;;;;;;;;
;;;;;;;;;;;;;;;;;;;;;;;;;;;;;;;;;
;;;;;;;;;;;;;;;;;;;;;;;;;;;;;;;;;
;;;;;;;;;;;;;;;;;;;;;;;;;;;;;;;;;
;;;;;;;;;;;;;;;;;;;;;;;;;;;;;;;;;
;;;;;;;;;;;;;;;;;;;;;;;;;;;;;;;;;
;;;;;;;;;;;;;;;;;;;;;;;;;;;;;;;;;
;;;;;;;;;;;;;;;;;;;;;;;;;;;;;;;;;
;;;;;;;;;;;;;;;;;;;;;;;;;;;;;;;;;
;;;;;;;;;;;;;;;;;;;;;;;;;;;;;;;;;
;;;;;;;;;;;;;;;;;;;;;;;;;;;;;;;;;
;;;;;;;;;;;;;;;;;;;;;;;;;;;;;;;;;
;;;;;;;;;;;;;;;;;;;;;;;;;;;;;;;;;
;;;;;;;;;;;;;;;;;;;;;;;;;;;;;;;;;
;;;;;;;;;;;;;;;;;;;;;;;;;;;;;;;;;
;;;;;;;;;;;;;;;;;;;;;;;;;;;;;;;;;
;;;;;;;;;;;;;;;;;;;;;;;;;;;;;;;;;
;;;;;;;;;;;;;;;;;;;;;;;;;;;;;;;;;
;;;;;;;;;;;;;;;;;;;;;;;;;;;;;;;;;
;;;;;;;;;;;;;;;;;;;;;;;;;;;;;;;;;
;;;;;;;;;;;;;;;;;;;;;;;;;;;;;;;;;
;;;;;;;;;;;;;;;;;;;;;;;;;;;;;;;;;
;;;;;;;;;;;;;;;;;;;;;;;;;;;;;;;;;